loan_id,Customer_ID,loan_start_date,tenure,installment_num,loan_amt,due_amt,paid_amt,overdue_amt,balance,snapshot_date
CUS_0x1009_2025_01_01,CUS_0x1009,2025-01-01,10,9,10000,1000.0,1000.0,0.0,1000.0,2025-10-01
CUS_0x103e_2024_12_01,CUS_0x103e,2024-12-01,10,10,10000,1000.0,1000.0,0.0,0.0,2025-10-01
CUS_0x1098_2025_01_01,CUS_0x1098,2025-01-01,10,9,10000,1000.0,0.0,7000.0,8000.0,2025-10-01
CUS_0x109f_2025_01_01,CUS_0x109f,2025-01-01,10,9,10000,1000.0,1000.0,0.0,1000.0,2025-10-01
CUS_0x10b6_2025_01_01,CUS_0x10b6,2025-01-01,10,9,10000,1000.0,1000.0,0.0,1000.0,2025-10-01
CUS_0x10e2_2025_01_01,CUS_0x10e2,2025-01-01,10,9,10000,1000.0,1000.0,0.0,1000.0,2025-10-01
CUS_0x114b_2025_01_01,CUS_0x114b,2025-01-01,10,9,10000,1000.0,1000.0,0.0,1000.0,2025-10-01
CUS_0x1195_2024_12_01,CUS_0x1195,2024-12-01,10,10,10000,1000.0,1000.0,0.0,0.0,2025-10-01
CUS_0x1197_2024_12_01,CUS_0x1197,2024-12-01,10,10,10000,1000.0,1000.0,0.0,0.0,2025-10-01
CUS_0x11b7_2025_01_01,CUS_0x11b7,2025-01-01,10,9,10000,1000.0,1000.0,0.0,1000.0,2025-10-01
CUS_0x11c1_2025_01_01,CUS_0x11c1,2025-01-01,10,9,10000,1000.0,1000.0,0.0,1000.0,2025-10-01
CUS_0x11d9_2025_01_01,CUS_0x11d9,2025-01-01,10,9,10000,1000.0,1000.0,0.0,1000.0,2025-10-01
CUS_0x11e2_2024_12_01,CUS_0x11e2,2024-12-01,10,10,10000,1000.0,1000.0,0.0,0.0,2025-10-01
CUS_0x11ec_2024_12_01,CUS_0x11ec,2024-12-01,10,10,10000,1000.0,0.0,7000.0,7000.0,2025-10-01
CUS_0x120d_2025_01_01,CUS_0x120d,2025-01-01,10,9,10000,1000.0,1000.0,0.0,1000.0,2025-10-01
CUS_0x1234_2024_12_01,CUS_0x1234,2024-12-01,10,10,10000,1000.0,1000.0,0.0,0.0,2025-10-01
CUS_0x1258_2025_01_01,CUS_0x1258,2025-01-01,10,9,10000,1000.0,1000.0,0.0,1000.0,2025-10-01
CUS_0x130c_2025_01_01,CUS_0x130c,2025-01-01,10,9,10000,1000.0,0.0,6000.0,7000.0,2025-10-01
CUS_0x133d_2025_01_01,CUS_0x133d,2025-01-01,10,9,10000,1000.0,1000.0,0.0,1000.0,2025-10-01
CUS_0x133f_2025_01_01,CUS_0x133f,2025-01-01,10,9,10000,1000.0,1000.0,0.0,1000.0,2025-10-01
CUS_0x1354_2024_12_01,CUS_0x1354,2024-12-01,10,10,10000,1000.0,0.0,7000.0,7000.0,2025-10-01
CUS_0x137d_2024_12_01,CUS_0x137d,2024-12-01,10,10,10000,1000.0,0.0,10000.0,10000.0,2025-10-01
CUS_0x13e4_2025_01_01,CUS_0x13e4,2025-01-01,10,9,10000,1000.0,1000.0,0.0,1000.0,2025-10-01
CUS_0x1437_2024_12_01,CUS_0x1437,2024-12-01,10,10,10000,1000.0,1000.0,0.0,0.0,2025-10-01
CUS_0x143d_2024_12_01,CUS_0x143d,2024-12-01,10,10,10000,1000.0,1000.0,0.0,0.0,2025-10-01
CUS_0x144d_2024_12_01,CUS_0x144d,2024-12-01,10,10,10000,1000.0,1000.0,0.0,0.0,2025-10-01
CUS_0x1458_2024_12_01,CUS_0x1458,2024-12-01,10,10,10000,1000.0,1000.0,0.0,0.0,2025-10-01
CUS_0x1463_2025_01_01,CUS_0x1463,2025-01-01,10,9,10000,1000.0,1000.0,0.0,1000.0,2025-10-01
CUS_0x1499_2025_01_01,CUS_0x1499,2025-01-01,10,9,10000,1000.0,1000.0,0.0,1000.0,2025-10-01
CUS_0x14f4_2024_12_01,CUS_0x14f4,2024-12-01,10,10,10000,1000.0,1000.0,0.0,0.0,2025-10-01
CUS_0x151b_2024_12_01,CUS_0x151b,2024-12-01,10,10,10000,1000.0,1000.0,0.0,0.0,2025-10-01
CUS_0x1542_2024_12_01,CUS_0x1542,2024-12-01,10,10,10000,1000.0,1000.0,0.0,0.0,2025-10-01
CUS_0x1563_2024_12_01,CUS_0x1563,2024-12-01,10,10,10000,1000.0,1000.0,0.0,0.0,2025-10-01
CUS_0x15c5_2025_01_01,CUS_0x15c5,2025-01-01,10,9,10000,1000.0,1000.0,0.0,1000.0,2025-10-01
CUS_0x15df_2024_12_01,CUS_0x15df,2024-12-01,10,10,10000,1000.0,1000.0,0.0,0.0,2025-10-01
CUS_0x1613_2024_12_01,CUS_0x1613,2024-12-01,10,10,10000,1000.0,1000.0,0.0,0.0,2025-10-01
CUS_0x164f_2024_12_01,CUS_0x164f,2024-12-01,10,10,10000,1000.0,0.0,8000.0,8000.0,2025-10-01
CUS_0x165f_2025_01_01,CUS_0x165f,2025-01-01,10,9,10000,1000.0,1000.0,0.0,1000.0,2025-10-01
CUS_0x1697_2025_01_01,CUS_0x1697,2025-01-01,10,9,10000,1000.0,0.0,7000.0,8000.0,2025-10-01
CUS_0x16ae_2025_01_01,CUS_0x16ae,2025-01-01,10,9,10000,1000.0,1000.0,0.0,1000.0,2025-10-01
CUS_0x1705_2025_01_01,CUS_0x1705,2025-01-01,10,9,10000,1000.0,1000.0,0.0,1000.0,2025-10-01
CUS_0x1765_2024_12_01,CUS_0x1765,2024-12-01,10,10,10000,1000.0,1000.0,0.0,0.0,2025-10-01
CUS_0x17d7_2024_12_01,CUS_0x17d7,2024-12-01,10,10,10000,1000.0,1000.0,0.0,0.0,2025-10-01
CUS_0x1806_2025_01_01,CUS_0x1806,2025-01-01,10,9,10000,1000.0,1000.0,0.0,1000.0,2025-10-01
CUS_0x1833_2024_12_01,CUS_0x1833,2024-12-01,10,10,10000,1000.0,1000.0,0.0,0.0,2025-10-01
CUS_0x1852_2024_12_01,CUS_0x1852,2024-12-01,10,10,10000,1000.0,0.0,7000.0,7000.0,2025-10-01
CUS_0x18b5_2025_01_01,CUS_0x18b5,2025-01-01,10,9,10000,1000.0,0.0,5000.0,6000.0,2025-10-01
CUS_0x18bc_2024_12_01,CUS_0x18bc,2024-12-01,10,10,10000,1000.0,1000.0,0.0,0.0,2025-10-01
CUS_0x18be_2025_01_01,CUS_0x18be,2025-01-01,10,9,10000,1000.0,0.0,6000.0,7000.0,2025-10-01
CUS_0x18ca_2024_12_01,CUS_0x18ca,2024-12-01,10,10,10000,1000.0,0.0,8000.0,8000.0,2025-10-01
CUS_0x18fd_2024_12_01,CUS_0x18fd,2024-12-01,10,10,10000,1000.0,0.0,7000.0,7000.0,2025-10-01
CUS_0x1948_2024_12_01,CUS_0x1948,2024-12-01,10,10,10000,1000.0,1000.0,0.0,0.0,2025-10-01
CUS_0x19a0_2024_12_01,CUS_0x19a0,2024-12-01,10,10,10000,1000.0,0.0,8000.0,8000.0,2025-10-01
CUS_0x19a3_2025_01_01,CUS_0x19a3,2025-01-01,10,9,10000,1000.0,0.0,6000.0,7000.0,2025-10-01
CUS_0x1a00_2024_12_01,CUS_0x1a00,2024-12-01,10,10,10000,1000.0,1000.0,0.0,0.0,2025-10-01
CUS_0x1a23_2025_01_01,CUS_0x1a23,2025-01-01,10,9,10000,1000.0,1000.0,0.0,1000.0,2025-10-01
CUS_0x1a61_2024_12_01,CUS_0x1a61,2024-12-01,10,10,10000,1000.0,1000.0,0.0,0.0,2025-10-01
CUS_0x1a86_2025_01_01,CUS_0x1a86,2025-01-01,10,9,10000,1000.0,0.0,7000.0,8000.0,2025-10-01
CUS_0x1bde_2024_12_01,CUS_0x1bde,2024-12-01,10,10,10000,1000.0,1000.0,0.0,0.0,2025-10-01
CUS_0x1be1_2025_01_01,CUS_0x1be1,2025-01-01,10,9,10000,1000.0,0.0,6000.0,7000.0,2025-10-01
CUS_0x1be8_2024_12_01,CUS_0x1be8,2024-12-01,10,10,10000,1000.0,0.0,7000.0,7000.0,2025-10-01
CUS_0x1c0c_2024_12_01,CUS_0x1c0c,2024-12-01,10,10,10000,1000.0,1000.0,0.0,0.0,2025-10-01
CUS_0x1c3b_2024_12_01,CUS_0x1c3b,2024-12-01,10,10,10000,1000.0,0.0,7000.0,7000.0,2025-10-01
CUS_0x1c59_2025_01_01,CUS_0x1c59,2025-01-01,10,9,10000,1000.0,1000.0,0.0,1000.0,2025-10-01
CUS_0x1c71_2024_12_01,CUS_0x1c71,2024-12-01,10,10,10000,1000.0,1000.0,0.0,0.0,2025-10-01
CUS_0x1ca5_2024_12_01,CUS_0x1ca5,2024-12-01,10,10,10000,1000.0,0.0,7000.0,7000.0,2025-10-01
CUS_0x1cbd_2025_01_01,CUS_0x1cbd,2025-01-01,10,9,10000,1000.0,1000.0,0.0,1000.0,2025-10-01
CUS_0x1cbe_2025_01_01,CUS_0x1cbe,2025-01-01,10,9,10000,1000.0,1000.0,0.0,1000.0,2025-10-01
CUS_0x1ccd_2025_01_01,CUS_0x1ccd,2025-01-01,10,9,10000,1000.0,1000.0,0.0,1000.0,2025-10-01
CUS_0x1d00_2024_12_01,CUS_0x1d00,2024-12-01,10,10,10000,1000.0,0.0,6000.0,6000.0,2025-10-01
CUS_0x1d63_2024_12_01,CUS_0x1d63,2024-12-01,10,10,10000,1000.0,0.0,6000.0,6000.0,2025-10-01
CUS_0x1de9_2025_01_01,CUS_0x1de9,2025-01-01,10,9,10000,1000.0,1000.0,0.0,1000.0,2025-10-01
CUS_0x1deb_2025_01_01,CUS_0x1deb,2025-01-01,10,9,10000,1000.0,1000.0,0.0,1000.0,2025-10-01
CUS_0x1e17_2024_12_01,CUS_0x1e17,2024-12-01,10,10,10000,1000.0,1000.0,0.0,0.0,2025-10-01
CUS_0x1e18_2024_12_01,CUS_0x1e18,2024-12-01,10,10,10000,1000.0,1000.0,0.0,0.0,2025-10-01
CUS_0x1eb6_2024_12_01,CUS_0x1eb6,2024-12-01,10,10,10000,1000.0,1000.0,0.0,0.0,2025-10-01
CUS_0x1f15_2025_01_01,CUS_0x1f15,2025-01-01,10,9,10000,1000.0,0.0,7000.0,8000.0,2025-10-01
CUS_0x1f2f_2025_01_01,CUS_0x1f2f,2025-01-01,10,9,10000,1000.0,1000.0,0.0,1000.0,2025-10-01
CUS_0x1f57_2024_12_01,CUS_0x1f57,2024-12-01,10,10,10000,1000.0,1000.0,0.0,0.0,2025-10-01
CUS_0x1ffd_2024_12_01,CUS_0x1ffd,2024-12-01,10,10,10000,1000.0,1000.0,0.0,0.0,2025-10-01
CUS_0x200a_2024_12_01,CUS_0x200a,2024-12-01,10,10,10000,1000.0,1000.0,0.0,0.0,2025-10-01
CUS_0x204b_2024_12_01,CUS_0x204b,2024-12-01,10,10,10000,1000.0,0.0,6000.0,6000.0,2025-10-01
CUS_0x206c_2025_01_01,CUS_0x206c,2025-01-01,10,9,10000,1000.0,1000.0,0.0,1000.0,2025-10-01
CUS_0x2076_2024_12_01,CUS_0x2076,2024-12-01,10,10,10000,1000.0,1000.0,0.0,0.0,2025-10-01
CUS_0x209a_2024_12_01,CUS_0x209a,2024-12-01,10,10,10000,1000.0,1000.0,0.0,0.0,2025-10-01
CUS_0x20dc_2024_12_01,CUS_0x20dc,2024-12-01,10,10,10000,1000.0,1000.0,0.0,0.0,2025-10-01
CUS_0x20de_2024_12_01,CUS_0x20de,2024-12-01,10,10,10000,1000.0,0.0,6000.0,6000.0,2025-10-01
CUS_0x20e5_2025_01_01,CUS_0x20e5,2025-01-01,10,9,10000,1000.0,1000.0,0.0,1000.0,2025-10-01
CUS_0x20f1_2024_12_01,CUS_0x20f1,2024-12-01,10,10,10000,1000.0,0.0,8000.0,8000.0,2025-10-01
CUS_0x21a7_2024_12_01,CUS_0x21a7,2024-12-01,10,10,10000,1000.0,1000.0,0.0,0.0,2025-10-01
CUS_0x21ac_2025_01_01,CUS_0x21ac,2025-01-01,10,9,10000,1000.0,0.0,7000.0,8000.0,2025-10-01
CUS_0x21af_2024_12_01,CUS_0x21af,2024-12-01,10,10,10000,1000.0,0.0,7000.0,7000.0,2025-10-01
CUS_0x21be_2025_01_01,CUS_0x21be,2025-01-01,10,9,10000,1000.0,1000.0,0.0,1000.0,2025-10-01
CUS_0x22ac_2024_12_01,CUS_0x22ac,2024-12-01,10,10,10000,1000.0,1000.0,0.0,0.0,2025-10-01
CUS_0x22c1_2025_01_01,CUS_0x22c1,2025-01-01,10,9,10000,1000.0,1000.0,0.0,1000.0,2025-10-01
CUS_0x22c5_2025_01_01,CUS_0x22c5,2025-01-01,10,9,10000,1000.0,1000.0,0.0,1000.0,2025-10-01
CUS_0x22ee_2024_12_01,CUS_0x22ee,2024-12-01,10,10,10000,1000.0,0.0,7000.0,7000.0,2025-10-01
CUS_0x22f7_2025_01_01,CUS_0x22f7,2025-01-01,10,9,10000,1000.0,1000.0,0.0,1000.0,2025-10-01
CUS_0x22fe_2025_01_01,CUS_0x22fe,2025-01-01,10,9,10000,1000.0,1000.0,0.0,1000.0,2025-10-01
CUS_0x233d_2024_12_01,CUS_0x233d,2024-12-01,10,10,10000,1000.0,1000.0,0.0,0.0,2025-10-01
CUS_0x2342_2024_12_01,CUS_0x2342,2024-12-01,10,10,10000,1000.0,1000.0,0.0,0.0,2025-10-01
CUS_0x2372_2024_12_01,CUS_0x2372,2024-12-01,10,10,10000,1000.0,1000.0,0.0,0.0,2025-10-01
CUS_0x23eb_2025_01_01,CUS_0x23eb,2025-01-01,10,9,10000,1000.0,0.0,9000.0,10000.0,2025-10-01
CUS_0x23f8_2024_12_01,CUS_0x23f8,2024-12-01,10,10,10000,1000.0,1000.0,0.0,0.0,2025-10-01
CUS_0x243a_2025_01_01,CUS_0x243a,2025-01-01,10,9,10000,1000.0,1000.0,0.0,1000.0,2025-10-01
CUS_0x24e0_2025_01_01,CUS_0x24e0,2025-01-01,10,9,10000,1000.0,1000.0,0.0,1000.0,2025-10-01
CUS_0x24e4_2024_12_01,CUS_0x24e4,2024-12-01,10,10,10000,1000.0,1000.0,0.0,0.0,2025-10-01
CUS_0x24e7_2024_12_01,CUS_0x24e7,2024-12-01,10,10,10000,1000.0,0.0,8000.0,8000.0,2025-10-01
CUS_0x24ef_2025_01_01,CUS_0x24ef,2025-01-01,10,9,10000,1000.0,0.0,6000.0,7000.0,2025-10-01
CUS_0x2555_2024_12_01,CUS_0x2555,2024-12-01,10,10,10000,1000.0,1000.0,0.0,0.0,2025-10-01
CUS_0x255b_2025_01_01,CUS_0x255b,2025-01-01,10,9,10000,1000.0,0.0,5000.0,6000.0,2025-10-01
CUS_0x2596_2025_01_01,CUS_0x2596,2025-01-01,10,9,10000,1000.0,0.0,8000.0,9000.0,2025-10-01
CUS_0x25a7_2024_12_01,CUS_0x25a7,2024-12-01,10,10,10000,1000.0,1000.0,0.0,0.0,2025-10-01
CUS_0x25ac_2024_12_01,CUS_0x25ac,2024-12-01,10,10,10000,1000.0,0.0,6000.0,6000.0,2025-10-01
CUS_0x25ad_2025_01_01,CUS_0x25ad,2025-01-01,10,9,10000,1000.0,0.0,8000.0,9000.0,2025-10-01
CUS_0x25e0_2024_12_01,CUS_0x25e0,2024-12-01,10,10,10000,1000.0,1000.0,0.0,0.0,2025-10-01
CUS_0x25f2_2025_01_01,CUS_0x25f2,2025-01-01,10,9,10000,1000.0,1000.0,0.0,1000.0,2025-10-01
CUS_0x2697_2025_01_01,CUS_0x2697,2025-01-01,10,9,10000,1000.0,1000.0,0.0,1000.0,2025-10-01
CUS_0x26a7_2024_12_01,CUS_0x26a7,2024-12-01,10,10,10000,1000.0,1000.0,0.0,0.0,2025-10-01
CUS_0x26b0_2025_01_01,CUS_0x26b0,2025-01-01,10,9,10000,1000.0,1000.0,0.0,1000.0,2025-10-01
CUS_0x26bf_2025_01_01,CUS_0x26bf,2025-01-01,10,9,10000,1000.0,1000.0,0.0,1000.0,2025-10-01
CUS_0x26eb_2024_12_01,CUS_0x26eb,2024-12-01,10,10,10000,1000.0,1000.0,0.0,0.0,2025-10-01
CUS_0x2728_2025_01_01,CUS_0x2728,2025-01-01,10,9,10000,1000.0,1000.0,0.0,1000.0,2025-10-01
CUS_0x273e_2024_12_01,CUS_0x273e,2024-12-01,10,10,10000,1000.0,0.0,8000.0,8000.0,2025-10-01
CUS_0x278f_2024_12_01,CUS_0x278f,2024-12-01,10,10,10000,1000.0,1000.0,0.0,0.0,2025-10-01
CUS_0x27a6_2025_01_01,CUS_0x27a6,2025-01-01,10,9,10000,1000.0,1000.0,0.0,1000.0,2025-10-01
CUS_0x27ad_2025_01_01,CUS_0x27ad,2025-01-01,10,9,10000,1000.0,1000.0,0.0,1000.0,2025-10-01
CUS_0x27f4_2025_01_01,CUS_0x27f4,2025-01-01,10,9,10000,1000.0,1000.0,0.0,1000.0,2025-10-01
CUS_0x2801_2025_01_01,CUS_0x2801,2025-01-01,10,9,10000,1000.0,0.0,6000.0,7000.0,2025-10-01
CUS_0x281d_2025_01_01,CUS_0x281d,2025-01-01,10,9,10000,1000.0,1000.0,0.0,1000.0,2025-10-01
CUS_0x286f_2024_12_01,CUS_0x286f,2024-12-01,10,10,10000,1000.0,1000.0,0.0,0.0,2025-10-01
CUS_0x28c4_2025_01_01,CUS_0x28c4,2025-01-01,10,9,10000,1000.0,1000.0,0.0,1000.0,2025-10-01
CUS_0x28df_2025_01_01,CUS_0x28df,2025-01-01,10,9,10000,1000.0,0.0,7000.0,8000.0,2025-10-01
CUS_0x28ee_2025_01_01,CUS_0x28ee,2025-01-01,10,9,10000,1000.0,0.0,8000.0,9000.0,2025-10-01
CUS_0x290d_2025_01_01,CUS_0x290d,2025-01-01,10,9,10000,1000.0,1000.0,0.0,1000.0,2025-10-01
CUS_0x292b_2025_01_01,CUS_0x292b,2025-01-01,10,9,10000,1000.0,1000.0,0.0,1000.0,2025-10-01
CUS_0x2963_2024_12_01,CUS_0x2963,2024-12-01,10,10,10000,1000.0,1000.0,0.0,0.0,2025-10-01
CUS_0x2991_2025_01_01,CUS_0x2991,2025-01-01,10,9,10000,1000.0,0.0,8000.0,9000.0,2025-10-01
CUS_0x29a2_2025_01_01,CUS_0x29a2,2025-01-01,10,9,10000,1000.0,1000.0,0.0,1000.0,2025-10-01
CUS_0x29c0_2024_12_01,CUS_0x29c0,2024-12-01,10,10,10000,1000.0,0.0,8000.0,8000.0,2025-10-01
CUS_0x2a11_2025_01_01,CUS_0x2a11,2025-01-01,10,9,10000,1000.0,1000.0,0.0,1000.0,2025-10-01
CUS_0x2a64_2025_01_01,CUS_0x2a64,2025-01-01,10,9,10000,1000.0,1000.0,0.0,1000.0,2025-10-01
CUS_0x2aa8_2024_12_01,CUS_0x2aa8,2024-12-01,10,10,10000,1000.0,1000.0,0.0,0.0,2025-10-01
CUS_0x2ad4_2025_01_01,CUS_0x2ad4,2025-01-01,10,9,10000,1000.0,0.0,6000.0,7000.0,2025-10-01
CUS_0x2b09_2024_12_01,CUS_0x2b09,2024-12-01,10,10,10000,1000.0,0.0,8000.0,8000.0,2025-10-01
CUS_0x2b17_2024_12_01,CUS_0x2b17,2024-12-01,10,10,10000,1000.0,1000.0,0.0,0.0,2025-10-01
CUS_0x2b2c_2025_01_01,CUS_0x2b2c,2025-01-01,10,9,10000,1000.0,1000.0,0.0,1000.0,2025-10-01
CUS_0x2b6a_2025_01_01,CUS_0x2b6a,2025-01-01,10,9,10000,1000.0,1000.0,0.0,1000.0,2025-10-01
CUS_0x2b98_2025_01_01,CUS_0x2b98,2025-01-01,10,9,10000,1000.0,0.0,5000.0,6000.0,2025-10-01
CUS_0x2bdd_2025_01_01,CUS_0x2bdd,2025-01-01,10,9,10000,1000.0,1000.0,0.0,1000.0,2025-10-01
CUS_0x2bf3_2025_01_01,CUS_0x2bf3,2025-01-01,10,9,10000,1000.0,1000.0,0.0,1000.0,2025-10-01
CUS_0x2c7d_2025_01_01,CUS_0x2c7d,2025-01-01,10,9,10000,1000.0,1000.0,0.0,1000.0,2025-10-01
CUS_0x2cb5_2024_12_01,CUS_0x2cb5,2024-12-01,10,10,10000,1000.0,1000.0,0.0,0.0,2025-10-01
CUS_0x2cbc_2024_12_01,CUS_0x2cbc,2024-12-01,10,10,10000,1000.0,1000.0,0.0,0.0,2025-10-01
CUS_0x2d07_2024_12_01,CUS_0x2d07,2024-12-01,10,10,10000,1000.0,0.0,8000.0,8000.0,2025-10-01
CUS_0x2d09_2024_12_01,CUS_0x2d09,2024-12-01,10,10,10000,1000.0,1000.0,0.0,0.0,2025-10-01
CUS_0x2d64_2025_01_01,CUS_0x2d64,2025-01-01,10,9,10000,1000.0,1000.0,0.0,1000.0,2025-10-01
CUS_0x2d7e_2025_01_01,CUS_0x2d7e,2025-01-01,10,9,10000,1000.0,1000.0,0.0,1000.0,2025-10-01
CUS_0x2db5_2025_01_01,CUS_0x2db5,2025-01-01,10,9,10000,1000.0,1000.0,0.0,1000.0,2025-10-01
CUS_0x2dc6_2025_01_01,CUS_0x2dc6,2025-01-01,10,9,10000,1000.0,1000.0,0.0,1000.0,2025-10-01
CUS_0x2e1d_2025_01_01,CUS_0x2e1d,2025-01-01,10,9,10000,1000.0,1000.0,0.0,1000.0,2025-10-01
CUS_0x2e2e_2024_12_01,CUS_0x2e2e,2024-12-01,10,10,10000,1000.0,1000.0,0.0,0.0,2025-10-01
CUS_0x2e55_2025_01_01,CUS_0x2e55,2025-01-01,10,9,10000,1000.0,1000.0,0.0,1000.0,2025-10-01
CUS_0x2e8b_2025_01_01,CUS_0x2e8b,2025-01-01,10,9,10000,1000.0,1000.0,0.0,1000.0,2025-10-01
CUS_0x2ec6_2025_01_01,CUS_0x2ec6,2025-01-01,10,9,10000,1000.0,1000.0,0.0,1000.0,2025-10-01
CUS_0x2ecc_2024_12_01,CUS_0x2ecc,2024-12-01,10,10,10000,1000.0,0.0,7000.0,7000.0,2025-10-01
CUS_0x2f04_2025_01_01,CUS_0x2f04,2025-01-01,10,9,10000,1000.0,1000.0,0.0,1000.0,2025-10-01
CUS_0x2f24_2025_01_01,CUS_0x2f24,2025-01-01,10,9,10000,1000.0,0.0,6000.0,7000.0,2025-10-01
CUS_0x2f4b_2024_12_01,CUS_0x2f4b,2024-12-01,10,10,10000,1000.0,1000.0,0.0,0.0,2025-10-01
CUS_0x2f68_2024_12_01,CUS_0x2f68,2024-12-01,10,10,10000,1000.0,1000.0,0.0,0.0,2025-10-01
CUS_0x2f69_2025_01_01,CUS_0x2f69,2025-01-01,10,9,10000,1000.0,1000.0,0.0,1000.0,2025-10-01
CUS_0x2fb9_2024_12_01,CUS_0x2fb9,2024-12-01,10,10,10000,1000.0,1000.0,0.0,0.0,2025-10-01
CUS_0x2fd5_2024_12_01,CUS_0x2fd5,2024-12-01,10,10,10000,1000.0,1000.0,0.0,0.0,2025-10-01
CUS_0x3019_2024_12_01,CUS_0x3019,2024-12-01,10,10,10000,1000.0,1000.0,0.0,0.0,2025-10-01
CUS_0x3026_2025_01_01,CUS_0x3026,2025-01-01,10,9,10000,1000.0,0.0,5000.0,6000.0,2025-10-01
CUS_0x303d_2025_01_01,CUS_0x303d,2025-01-01,10,9,10000,1000.0,0.0,5000.0,6000.0,2025-10-01
CUS_0x3060_2025_01_01,CUS_0x3060,2025-01-01,10,9,10000,1000.0,1000.0,0.0,1000.0,2025-10-01
CUS_0x308b_2024_12_01,CUS_0x308b,2024-12-01,10,10,10000,1000.0,0.0,7000.0,7000.0,2025-10-01
CUS_0x3097_2025_01_01,CUS_0x3097,2025-01-01,10,9,10000,1000.0,1000.0,0.0,1000.0,2025-10-01
CUS_0x30c5_2024_12_01,CUS_0x30c5,2024-12-01,10,10,10000,1000.0,0.0,10000.0,10000.0,2025-10-01
CUS_0x30dd_2024_12_01,CUS_0x30dd,2024-12-01,10,10,10000,1000.0,1000.0,0.0,0.0,2025-10-01
CUS_0x3119_2024_12_01,CUS_0x3119,2024-12-01,10,10,10000,1000.0,1000.0,0.0,0.0,2025-10-01
CUS_0x3172_2024_12_01,CUS_0x3172,2024-12-01,10,10,10000,1000.0,1000.0,0.0,0.0,2025-10-01
CUS_0x320e_2025_01_01,CUS_0x320e,2025-01-01,10,9,10000,1000.0,1000.0,0.0,1000.0,2025-10-01
CUS_0x3278_2024_12_01,CUS_0x3278,2024-12-01,10,10,10000,1000.0,1000.0,0.0,0.0,2025-10-01
CUS_0x32d3_2025_01_01,CUS_0x32d3,2025-01-01,10,9,10000,1000.0,1000.0,0.0,1000.0,2025-10-01
CUS_0x332b_2025_01_01,CUS_0x332b,2025-01-01,10,9,10000,1000.0,1000.0,0.0,1000.0,2025-10-01
CUS_0x332c_2024_12_01,CUS_0x332c,2024-12-01,10,10,10000,1000.0,0.0,8000.0,8000.0,2025-10-01
CUS_0x340e_2024_12_01,CUS_0x340e,2024-12-01,10,10,10000,1000.0,1000.0,0.0,0.0,2025-10-01
CUS_0x3415_2025_01_01,CUS_0x3415,2025-01-01,10,9,10000,1000.0,1000.0,0.0,1000.0,2025-10-01
CUS_0x3430_2025_01_01,CUS_0x3430,2025-01-01,10,9,10000,1000.0,0.0,6000.0,7000.0,2025-10-01
CUS_0x347d_2024_12_01,CUS_0x347d,2024-12-01,10,10,10000,1000.0,1000.0,0.0,0.0,2025-10-01
CUS_0x349b_2024_12_01,CUS_0x349b,2024-12-01,10,10,10000,1000.0,0.0,8000.0,8000.0,2025-10-01
CUS_0x34d6_2024_12_01,CUS_0x34d6,2024-12-01,10,10,10000,1000.0,1000.0,0.0,0.0,2025-10-01
CUS_0x34fb_2025_01_01,CUS_0x34fb,2025-01-01,10,9,10000,1000.0,1000.0,0.0,1000.0,2025-10-01
CUS_0x3530_2025_01_01,CUS_0x3530,2025-01-01,10,9,10000,1000.0,1000.0,0.0,1000.0,2025-10-01
CUS_0x35a2_2024_12_01,CUS_0x35a2,2024-12-01,10,10,10000,1000.0,1000.0,0.0,0.0,2025-10-01
CUS_0x35b5_2024_12_01,CUS_0x35b5,2024-12-01,10,10,10000,1000.0,0.0,9000.0,9000.0,2025-10-01
CUS_0x3615_2024_12_01,CUS_0x3615,2024-12-01,10,10,10000,1000.0,1000.0,0.0,0.0,2025-10-01
CUS_0x361b_2024_12_01,CUS_0x361b,2024-12-01,10,10,10000,1000.0,1000.0,0.0,0.0,2025-10-01
CUS_0x3631_2025_01_01,CUS_0x3631,2025-01-01,10,9,10000,1000.0,0.0,8000.0,9000.0,2025-10-01
CUS_0x3640_2024_12_01,CUS_0x3640,2024-12-01,10,10,10000,1000.0,1000.0,0.0,0.0,2025-10-01
CUS_0x3644_2025_01_01,CUS_0x3644,2025-01-01,10,9,10000,1000.0,1000.0,0.0,1000.0,2025-10-01
CUS_0x365a_2024_12_01,CUS_0x365a,2024-12-01,10,10,10000,1000.0,0.0,10000.0,10000.0,2025-10-01
CUS_0x367d_2025_01_01,CUS_0x367d,2025-01-01,10,9,10000,1000.0,0.0,5000.0,6000.0,2025-10-01
CUS_0x369d_2025_01_01,CUS_0x369d,2025-01-01,10,9,10000,1000.0,0.0,6000.0,7000.0,2025-10-01
CUS_0x36ab_2025_01_01,CUS_0x36ab,2025-01-01,10,9,10000,1000.0,1000.0,0.0,1000.0,2025-10-01
CUS_0x36d3_2025_01_01,CUS_0x36d3,2025-01-01,10,9,10000,1000.0,1000.0,0.0,1000.0,2025-10-01
CUS_0x36d5_2024_12_01,CUS_0x36d5,2024-12-01,10,10,10000,1000.0,1000.0,0.0,0.0,2025-10-01
CUS_0x36eb_2025_01_01,CUS_0x36eb,2025-01-01,10,9,10000,1000.0,0.0,8000.0,9000.0,2025-10-01
CUS_0x3709_2025_01_01,CUS_0x3709,2025-01-01,10,9,10000,1000.0,1000.0,0.0,1000.0,2025-10-01
CUS_0x372c_2024_12_01,CUS_0x372c,2024-12-01,10,10,10000,1000.0,1000.0,0.0,0.0,2025-10-01
CUS_0x3761_2024_12_01,CUS_0x3761,2024-12-01,10,10,10000,1000.0,1000.0,0.0,0.0,2025-10-01
CUS_0x376a_2024_12_01,CUS_0x376a,2024-12-01,10,10,10000,1000.0,1000.0,0.0,0.0,2025-10-01
CUS_0x37bc_2024_12_01,CUS_0x37bc,2024-12-01,10,10,10000,1000.0,1000.0,0.0,0.0,2025-10-01
CUS_0x3801_2024_12_01,CUS_0x3801,2024-12-01,10,10,10000,1000.0,1000.0,0.0,0.0,2025-10-01
CUS_0x380d_2024_12_01,CUS_0x380d,2024-12-01,10,10,10000,1000.0,1000.0,0.0,0.0,2025-10-01
CUS_0x3849_2025_01_01,CUS_0x3849,2025-01-01,10,9,10000,1000.0,1000.0,0.0,1000.0,2025-10-01
CUS_0x3872_2024_12_01,CUS_0x3872,2024-12-01,10,10,10000,1000.0,1000.0,0.0,0.0,2025-10-01
CUS_0x38a4_2025_01_01,CUS_0x38a4,2025-01-01,10,9,10000,1000.0,1000.0,0.0,1000.0,2025-10-01
CUS_0x38a7_2024_12_01,CUS_0x38a7,2024-12-01,10,10,10000,1000.0,1000.0,0.0,0.0,2025-10-01
CUS_0x38bb_2024_12_01,CUS_0x38bb,2024-12-01,10,10,10000,1000.0,1000.0,0.0,0.0,2025-10-01
CUS_0x38cc_2024_12_01,CUS_0x38cc,2024-12-01,10,10,10000,1000.0,1000.0,0.0,0.0,2025-10-01
CUS_0x38df_2024_12_01,CUS_0x38df,2024-12-01,10,10,10000,1000.0,1000.0,0.0,0.0,2025-10-01
CUS_0x3915_2025_01_01,CUS_0x3915,2025-01-01,10,9,10000,1000.0,0.0,5000.0,6000.0,2025-10-01
CUS_0x3929_2024_12_01,CUS_0x3929,2024-12-01,10,10,10000,1000.0,1000.0,0.0,0.0,2025-10-01
CUS_0x3947_2024_12_01,CUS_0x3947,2024-12-01,10,10,10000,1000.0,1000.0,0.0,0.0,2025-10-01
CUS_0x39a6_2024_12_01,CUS_0x39a6,2024-12-01,10,10,10000,1000.0,0.0,6000.0,6000.0,2025-10-01
CUS_0x39c0_2025_01_01,CUS_0x39c0,2025-01-01,10,9,10000,1000.0,0.0,6000.0,7000.0,2025-10-01
CUS_0x3a06_2024_12_01,CUS_0x3a06,2024-12-01,10,10,10000,1000.0,1000.0,0.0,0.0,2025-10-01
CUS_0x3a70_2025_01_01,CUS_0x3a70,2025-01-01,10,9,10000,1000.0,1000.0,0.0,1000.0,2025-10-01
CUS_0x3ae3_2024_12_01,CUS_0x3ae3,2024-12-01,10,10,10000,1000.0,1000.0,0.0,0.0,2025-10-01
CUS_0x3b01_2025_01_01,CUS_0x3b01,2025-01-01,10,9,10000,1000.0,0.0,8000.0,9000.0,2025-10-01
CUS_0x3b40_2024_12_01,CUS_0x3b40,2024-12-01,10,10,10000,1000.0,0.0,9000.0,9000.0,2025-10-01
CUS_0x3b9d_2024_12_01,CUS_0x3b9d,2024-12-01,10,10,10000,1000.0,0.0,7000.0,7000.0,2025-10-01
CUS_0x3ba2_2024_12_01,CUS_0x3ba2,2024-12-01,10,10,10000,1000.0,0.0,8000.0,8000.0,2025-10-01
CUS_0x3bbf_2025_01_01,CUS_0x3bbf,2025-01-01,10,9,10000,1000.0,1000.0,0.0,1000.0,2025-10-01
CUS_0x3be5_2024_12_01,CUS_0x3be5,2024-12-01,10,10,10000,1000.0,1000.0,0.0,0.0,2025-10-01
CUS_0x3c55_2025_01_01,CUS_0x3c55,2025-01-01,10,9,10000,1000.0,1000.0,0.0,1000.0,2025-10-01
CUS_0x3c7d_2024_12_01,CUS_0x3c7d,2024-12-01,10,10,10000,1000.0,1000.0,0.0,0.0,2025-10-01
CUS_0x3c95_2025_01_01,CUS_0x3c95,2025-01-01,10,9,10000,1000.0,1000.0,0.0,1000.0,2025-10-01
CUS_0x3d10_2025_01_01,CUS_0x3d10,2025-01-01,10,9,10000,1000.0,1000.0,0.0,1000.0,2025-10-01
CUS_0x3d50_2024_12_01,CUS_0x3d50,2024-12-01,10,10,10000,1000.0,1000.0,0.0,0.0,2025-10-01
CUS_0x3d56_2024_12_01,CUS_0x3d56,2024-12-01,10,10,10000,1000.0,1000.0,0.0,0.0,2025-10-01
CUS_0x3d57_2024_12_01,CUS_0x3d57,2024-12-01,10,10,10000,1000.0,0.0,7000.0,7000.0,2025-10-01
CUS_0x3d5b_2024_12_01,CUS_0x3d5b,2024-12-01,10,10,10000,1000.0,1000.0,0.0,0.0,2025-10-01
CUS_0x3dd8_2024_12_01,CUS_0x3dd8,2024-12-01,10,10,10000,1000.0,1000.0,0.0,0.0,2025-10-01
CUS_0x3dfc_2025_01_01,CUS_0x3dfc,2025-01-01,10,9,10000,1000.0,1000.0,0.0,1000.0,2025-10-01
CUS_0x3e52_2025_01_01,CUS_0x3e52,2025-01-01,10,9,10000,1000.0,1000.0,0.0,1000.0,2025-10-01
CUS_0x3e7e_2025_01_01,CUS_0x3e7e,2025-01-01,10,9,10000,1000.0,1000.0,0.0,1000.0,2025-10-01
CUS_0x3e7f_2024_12_01,CUS_0x3e7f,2024-12-01,10,10,10000,1000.0,0.0,7000.0,7000.0,2025-10-01
CUS_0x3e91_2025_01_01,CUS_0x3e91,2025-01-01,10,9,10000,1000.0,1000.0,0.0,1000.0,2025-10-01
CUS_0x3f4a_2025_01_01,CUS_0x3f4a,2025-01-01,10,9,10000,1000.0,1000.0,0.0,1000.0,2025-10-01
CUS_0x3f83_2025_01_01,CUS_0x3f83,2025-01-01,10,9,10000,1000.0,0.0,5000.0,6000.0,2025-10-01
CUS_0x3f9c_2025_01_01,CUS_0x3f9c,2025-01-01,10,9,10000,1000.0,1000.0,0.0,1000.0,2025-10-01
CUS_0x3fa7_2024_12_01,CUS_0x3fa7,2024-12-01,10,10,10000,1000.0,0.0,6000.0,6000.0,2025-10-01
CUS_0x3fb3_2024_12_01,CUS_0x3fb3,2024-12-01,10,10,10000,1000.0,1000.0,0.0,0.0,2025-10-01
CUS_0x3fde_2025_01_01,CUS_0x3fde,2025-01-01,10,9,10000,1000.0,1000.0,0.0,1000.0,2025-10-01
CUS_0x3feb_2025_01_01,CUS_0x3feb,2025-01-01,10,9,10000,1000.0,0.0,6000.0,7000.0,2025-10-01
CUS_0x3ff5_2024_12_01,CUS_0x3ff5,2024-12-01,10,10,10000,1000.0,1000.0,0.0,0.0,2025-10-01
CUS_0x4028_2025_01_01,CUS_0x4028,2025-01-01,10,9,10000,1000.0,1000.0,0.0,1000.0,2025-10-01
CUS_0x408c_2024_12_01,CUS_0x408c,2024-12-01,10,10,10000,1000.0,0.0,7000.0,7000.0,2025-10-01
CUS_0x40bc_2025_01_01,CUS_0x40bc,2025-01-01,10,9,10000,1000.0,0.0,7000.0,8000.0,2025-10-01
CUS_0x4132_2024_12_01,CUS_0x4132,2024-12-01,10,10,10000,1000.0,0.0,7000.0,7000.0,2025-10-01
CUS_0x4187_2025_01_01,CUS_0x4187,2025-01-01,10,9,10000,1000.0,0.0,6000.0,7000.0,2025-10-01
CUS_0x4188_2024_12_01,CUS_0x4188,2024-12-01,10,10,10000,1000.0,1000.0,0.0,0.0,2025-10-01
CUS_0x4190_2025_01_01,CUS_0x4190,2025-01-01,10,9,10000,1000.0,0.0,9000.0,10000.0,2025-10-01
CUS_0x4198_2025_01_01,CUS_0x4198,2025-01-01,10,9,10000,1000.0,1000.0,0.0,1000.0,2025-10-01
CUS_0x419f_2025_01_01,CUS_0x419f,2025-01-01,10,9,10000,1000.0,1000.0,0.0,1000.0,2025-10-01
CUS_0x41a8_2024_12_01,CUS_0x41a8,2024-12-01,10,10,10000,1000.0,1000.0,0.0,0.0,2025-10-01
CUS_0x41d4_2025_01_01,CUS_0x41d4,2025-01-01,10,9,10000,1000.0,1000.0,0.0,1000.0,2025-10-01
CUS_0x426a_2025_01_01,CUS_0x426a,2025-01-01,10,9,10000,1000.0,1000.0,0.0,1000.0,2025-10-01
CUS_0x427b_2025_01_01,CUS_0x427b,2025-01-01,10,9,10000,1000.0,1000.0,0.0,1000.0,2025-10-01
CUS_0x4293_2024_12_01,CUS_0x4293,2024-12-01,10,10,10000,1000.0,0.0,7000.0,7000.0,2025-10-01
CUS_0x42c0_2024_12_01,CUS_0x42c0,2024-12-01,10,10,10000,1000.0,1000.0,0.0,0.0,2025-10-01
CUS_0x42e4_2024_12_01,CUS_0x42e4,2024-12-01,10,10,10000,1000.0,0.0,8000.0,8000.0,2025-10-01
CUS_0x42f_2024_12_01,CUS_0x42f,2024-12-01,10,10,10000,1000.0,1000.0,0.0,0.0,2025-10-01
CUS_0x4314_2024_12_01,CUS_0x4314,2024-12-01,10,10,10000,1000.0,1000.0,0.0,0.0,2025-10-01
CUS_0x432e_2024_12_01,CUS_0x432e,2024-12-01,10,10,10000,1000.0,1000.0,0.0,0.0,2025-10-01
CUS_0x4334_2025_01_01,CUS_0x4334,2025-01-01,10,9,10000,1000.0,0.0,7000.0,8000.0,2025-10-01
CUS_0x4367_2025_01_01,CUS_0x4367,2025-01-01,10,9,10000,1000.0,1000.0,0.0,1000.0,2025-10-01
CUS_0x43bf_2024_12_01,CUS_0x43bf,2024-12-01,10,10,10000,1000.0,1000.0,0.0,0.0,2025-10-01
CUS_0x43c0_2024_12_01,CUS_0x43c0,2024-12-01,10,10,10000,1000.0,0.0,9000.0,9000.0,2025-10-01
CUS_0x43c3_2024_12_01,CUS_0x43c3,2024-12-01,10,10,10000,1000.0,0.0,6000.0,6000.0,2025-10-01
CUS_0x4403_2025_01_01,CUS_0x4403,2025-01-01,10,9,10000,1000.0,1000.0,0.0,1000.0,2025-10-01
CUS_0x440a_2025_01_01,CUS_0x440a,2025-01-01,10,9,10000,1000.0,1000.0,0.0,1000.0,2025-10-01
CUS_0x441e_2024_12_01,CUS_0x441e,2024-12-01,10,10,10000,1000.0,1000.0,0.0,0.0,2025-10-01
CUS_0x4487_2025_01_01,CUS_0x4487,2025-01-01,10,9,10000,1000.0,1000.0,0.0,1000.0,2025-10-01
CUS_0x44c5_2025_01_01,CUS_0x44c5,2025-01-01,10,9,10000,1000.0,0.0,6000.0,7000.0,2025-10-01
CUS_0x44dc_2024_12_01,CUS_0x44dc,2024-12-01,10,10,10000,1000.0,0.0,8000.0,8000.0,2025-10-01
CUS_0x44f0_2025_01_01,CUS_0x44f0,2025-01-01,10,9,10000,1000.0,0.0,5000.0,6000.0,2025-10-01
CUS_0x44f4_2025_01_01,CUS_0x44f4,2025-01-01,10,9,10000,1000.0,1000.0,0.0,1000.0,2025-10-01
CUS_0x44fc_2024_12_01,CUS_0x44fc,2024-12-01,10,10,10000,1000.0,0.0,8000.0,8000.0,2025-10-01
CUS_0x4587_2025_01_01,CUS_0x4587,2025-01-01,10,9,10000,1000.0,0.0,9000.0,10000.0,2025-10-01
CUS_0x45ab_2025_01_01,CUS_0x45ab,2025-01-01,10,9,10000,1000.0,1000.0,0.0,1000.0,2025-10-01
CUS_0x45b4_2024_12_01,CUS_0x45b4,2024-12-01,10,10,10000,1000.0,0.0,9000.0,9000.0,2025-10-01
CUS_0x45ca_2025_01_01,CUS_0x45ca,2025-01-01,10,9,10000,1000.0,1000.0,0.0,1000.0,2025-10-01
CUS_0x463_2025_01_01,CUS_0x463,2025-01-01,10,9,10000,1000.0,1000.0,0.0,1000.0,2025-10-01
CUS_0x46a_2025_01_01,CUS_0x46a,2025-01-01,10,9,10000,1000.0,1000.0,0.0,1000.0,2025-10-01
CUS_0x46d4_2024_12_01,CUS_0x46d4,2024-12-01,10,10,10000,1000.0,1000.0,0.0,0.0,2025-10-01
CUS_0x4722_2024_12_01,CUS_0x4722,2024-12-01,10,10,10000,1000.0,1000.0,0.0,0.0,2025-10-01
CUS_0x4779_2025_01_01,CUS_0x4779,2025-01-01,10,9,10000,1000.0,0.0,6000.0,7000.0,2025-10-01
CUS_0x477b_2024_12_01,CUS_0x477b,2024-12-01,10,10,10000,1000.0,1000.0,0.0,0.0,2025-10-01
CUS_0x479c_2025_01_01,CUS_0x479c,2025-01-01,10,9,10000,1000.0,1000.0,0.0,1000.0,2025-10-01
CUS_0x47a6_2025_01_01,CUS_0x47a6,2025-01-01,10,9,10000,1000.0,1000.0,0.0,1000.0,2025-10-01
CUS_0x47d3_2025_01_01,CUS_0x47d3,2025-01-01,10,9,10000,1000.0,1000.0,0.0,1000.0,2025-10-01
CUS_0x47ea_2024_12_01,CUS_0x47ea,2024-12-01,10,10,10000,1000.0,1000.0,0.0,0.0,2025-10-01
CUS_0x47ec_2024_12_01,CUS_0x47ec,2024-12-01,10,10,10000,1000.0,0.0,7000.0,7000.0,2025-10-01
CUS_0x481f_2025_01_01,CUS_0x481f,2025-01-01,10,9,10000,1000.0,0.0,7000.0,8000.0,2025-10-01
CUS_0x4831_2024_12_01,CUS_0x4831,2024-12-01,10,10,10000,1000.0,1000.0,0.0,0.0,2025-10-01
CUS_0x48a_2024_12_01,CUS_0x48a,2024-12-01,10,10,10000,1000.0,1000.0,0.0,0.0,2025-10-01
CUS_0x48c5_2025_01_01,CUS_0x48c5,2025-01-01,10,9,10000,1000.0,0.0,8000.0,9000.0,2025-10-01
CUS_0x48c6_2024_12_01,CUS_0x48c6,2024-12-01,10,10,10000,1000.0,0.0,7000.0,7000.0,2025-10-01
CUS_0x48ef_2024_12_01,CUS_0x48ef,2024-12-01,10,10,10000,1000.0,1000.0,0.0,0.0,2025-10-01
CUS_0x490e_2024_12_01,CUS_0x490e,2024-12-01,10,10,10000,1000.0,0.0,7000.0,7000.0,2025-10-01
CUS_0x4931_2024_12_01,CUS_0x4931,2024-12-01,10,10,10000,1000.0,0.0,8000.0,8000.0,2025-10-01
CUS_0x498a_2025_01_01,CUS_0x498a,2025-01-01,10,9,10000,1000.0,1000.0,0.0,1000.0,2025-10-01
CUS_0x49a4_2024_12_01,CUS_0x49a4,2024-12-01,10,10,10000,1000.0,0.0,9000.0,9000.0,2025-10-01
CUS_0x4a6a_2025_01_01,CUS_0x4a6a,2025-01-01,10,9,10000,1000.0,1000.0,0.0,1000.0,2025-10-01
CUS_0x4ad7_2024_12_01,CUS_0x4ad7,2024-12-01,10,10,10000,1000.0,0.0,8000.0,8000.0,2025-10-01
CUS_0x4afe_2025_01_01,CUS_0x4afe,2025-01-01,10,9,10000,1000.0,1000.0,0.0,1000.0,2025-10-01
CUS_0x4b76_2024_12_01,CUS_0x4b76,2024-12-01,10,10,10000,1000.0,1000.0,0.0,0.0,2025-10-01
CUS_0x4ba1_2024_12_01,CUS_0x4ba1,2024-12-01,10,10,10000,1000.0,0.0,6000.0,6000.0,2025-10-01
CUS_0x4bc1_2025_01_01,CUS_0x4bc1,2025-01-01,10,9,10000,1000.0,0.0,7000.0,8000.0,2025-10-01
CUS_0x4bff_2025_01_01,CUS_0x4bff,2025-01-01,10,9,10000,1000.0,1000.0,0.0,1000.0,2025-10-01
CUS_0x4c34_2025_01_01,CUS_0x4c34,2025-01-01,10,9,10000,1000.0,1000.0,0.0,1000.0,2025-10-01
CUS_0x4c44_2024_12_01,CUS_0x4c44,2024-12-01,10,10,10000,1000.0,0.0,7000.0,7000.0,2025-10-01
CUS_0x4c80_2025_01_01,CUS_0x4c80,2025-01-01,10,9,10000,1000.0,1000.0,0.0,1000.0,2025-10-01
CUS_0x4c84_2024_12_01,CUS_0x4c84,2024-12-01,10,10,10000,1000.0,1000.0,0.0,0.0,2025-10-01
CUS_0x4c9b_2024_12_01,CUS_0x4c9b,2024-12-01,10,10,10000,1000.0,1000.0,0.0,0.0,2025-10-01
CUS_0x4cae_2025_01_01,CUS_0x4cae,2025-01-01,10,9,10000,1000.0,1000.0,0.0,1000.0,2025-10-01
CUS_0x4ce8_2024_12_01,CUS_0x4ce8,2024-12-01,10,10,10000,1000.0,0.0,9000.0,9000.0,2025-10-01
CUS_0x4d03_2025_01_01,CUS_0x4d03,2025-01-01,10,9,10000,1000.0,1000.0,0.0,1000.0,2025-10-01
CUS_0x4d0f_2024_12_01,CUS_0x4d0f,2024-12-01,10,10,10000,1000.0,1000.0,0.0,0.0,2025-10-01
CUS_0x4d4_2025_01_01,CUS_0x4d4,2025-01-01,10,9,10000,1000.0,1000.0,0.0,1000.0,2025-10-01
CUS_0x4d77_2025_01_01,CUS_0x4d77,2025-01-01,10,9,10000,1000.0,1000.0,0.0,1000.0,2025-10-01
CUS_0x4da6_2024_12_01,CUS_0x4da6,2024-12-01,10,10,10000,1000.0,0.0,9000.0,9000.0,2025-10-01
CUS_0x4daf_2025_01_01,CUS_0x4daf,2025-01-01,10,9,10000,1000.0,1000.0,0.0,1000.0,2025-10-01
CUS_0x4db6_2025_01_01,CUS_0x4db6,2025-01-01,10,9,10000,1000.0,1000.0,0.0,1000.0,2025-10-01
CUS_0x4df9_2025_01_01,CUS_0x4df9,2025-01-01,10,9,10000,1000.0,0.0,8000.0,9000.0,2025-10-01
CUS_0x4e2_2024_12_01,CUS_0x4e2,2024-12-01,10,10,10000,1000.0,0.0,8000.0,8000.0,2025-10-01
CUS_0x4e26_2025_01_01,CUS_0x4e26,2025-01-01,10,9,10000,1000.0,1000.0,0.0,1000.0,2025-10-01
CUS_0x4e35_2024_12_01,CUS_0x4e35,2024-12-01,10,10,10000,1000.0,1000.0,0.0,0.0,2025-10-01
CUS_0x4e5e_2025_01_01,CUS_0x4e5e,2025-01-01,10,9,10000,1000.0,1000.0,0.0,1000.0,2025-10-01
CUS_0x4e66_2024_12_01,CUS_0x4e66,2024-12-01,10,10,10000,1000.0,1000.0,0.0,0.0,2025-10-01
CUS_0x4e8b_2025_01_01,CUS_0x4e8b,2025-01-01,10,9,10000,1000.0,1000.0,0.0,1000.0,2025-10-01
CUS_0x4ea4_2025_01_01,CUS_0x4ea4,2025-01-01,10,9,10000,1000.0,1000.0,0.0,1000.0,2025-10-01
CUS_0x4eea_2025_01_01,CUS_0x4eea,2025-01-01,10,9,10000,1000.0,1000.0,0.0,1000.0,2025-10-01
CUS_0x4ef6_2025_01_01,CUS_0x4ef6,2025-01-01,10,9,10000,1000.0,0.0,7000.0,8000.0,2025-10-01
CUS_0x4ef9_2025_01_01,CUS_0x4ef9,2025-01-01,10,9,10000,1000.0,1000.0,0.0,1000.0,2025-10-01
CUS_0x4efc_2025_01_01,CUS_0x4efc,2025-01-01,10,9,10000,1000.0,0.0,7000.0,8000.0,2025-10-01
CUS_0x4f04_2025_01_01,CUS_0x4f04,2025-01-01,10,9,10000,1000.0,1000.0,0.0,1000.0,2025-10-01
CUS_0x4f26_2024_12_01,CUS_0x4f26,2024-12-01,10,10,10000,1000.0,1000.0,0.0,0.0,2025-10-01
CUS_0x4f2e_2025_01_01,CUS_0x4f2e,2025-01-01,10,9,10000,1000.0,1000.0,0.0,1000.0,2025-10-01
CUS_0x4f51_2025_01_01,CUS_0x4f51,2025-01-01,10,9,10000,1000.0,0.0,8000.0,9000.0,2025-10-01
CUS_0x4f6c_2025_01_01,CUS_0x4f6c,2025-01-01,10,9,10000,1000.0,0.0,6000.0,7000.0,2025-10-01
CUS_0x4f7c_2025_01_01,CUS_0x4f7c,2025-01-01,10,9,10000,1000.0,1000.0,0.0,1000.0,2025-10-01
CUS_0x4fc2_2025_01_01,CUS_0x4fc2,2025-01-01,10,9,10000,1000.0,0.0,7000.0,8000.0,2025-10-01
CUS_0x500d_2024_12_01,CUS_0x500d,2024-12-01,10,10,10000,1000.0,0.0,6000.0,6000.0,2025-10-01
CUS_0x503f_2025_01_01,CUS_0x503f,2025-01-01,10,9,10000,1000.0,1000.0,0.0,1000.0,2025-10-01
CUS_0x50af_2025_01_01,CUS_0x50af,2025-01-01,10,9,10000,1000.0,1000.0,0.0,1000.0,2025-10-01
CUS_0x50c6_2024_12_01,CUS_0x50c6,2024-12-01,10,10,10000,1000.0,1000.0,0.0,0.0,2025-10-01
CUS_0x50df_2024_12_01,CUS_0x50df,2024-12-01,10,10,10000,1000.0,1000.0,0.0,0.0,2025-10-01
CUS_0x50ee_2024_12_01,CUS_0x50ee,2024-12-01,10,10,10000,1000.0,0.0,6000.0,6000.0,2025-10-01
CUS_0x512d_2025_01_01,CUS_0x512d,2025-01-01,10,9,10000,1000.0,1000.0,0.0,1000.0,2025-10-01
CUS_0x5197_2024_12_01,CUS_0x5197,2024-12-01,10,10,10000,1000.0,1000.0,0.0,0.0,2025-10-01
CUS_0x51de_2025_01_01,CUS_0x51de,2025-01-01,10,9,10000,1000.0,1000.0,0.0,1000.0,2025-10-01
CUS_0x51e3_2024_12_01,CUS_0x51e3,2024-12-01,10,10,10000,1000.0,0.0,7000.0,7000.0,2025-10-01
CUS_0x5228_2024_12_01,CUS_0x5228,2024-12-01,10,10,10000,1000.0,1000.0,0.0,0.0,2025-10-01
CUS_0x524f_2024_12_01,CUS_0x524f,2024-12-01,10,10,10000,1000.0,1000.0,0.0,0.0,2025-10-01
CUS_0x5254_2024_12_01,CUS_0x5254,2024-12-01,10,10,10000,1000.0,0.0,9000.0,9000.0,2025-10-01
CUS_0x526a_2025_01_01,CUS_0x526a,2025-01-01,10,9,10000,1000.0,1000.0,0.0,1000.0,2025-10-01
CUS_0x52bf_2024_12_01,CUS_0x52bf,2024-12-01,10,10,10000,1000.0,1000.0,0.0,0.0,2025-10-01
CUS_0x52c3_2025_01_01,CUS_0x52c3,2025-01-01,10,9,10000,1000.0,1000.0,0.0,1000.0,2025-10-01
CUS_0x5313_2025_01_01,CUS_0x5313,2025-01-01,10,9,10000,1000.0,1000.0,0.0,1000.0,2025-10-01
CUS_0x532a_2025_01_01,CUS_0x532a,2025-01-01,10,9,10000,1000.0,1000.0,0.0,1000.0,2025-10-01
CUS_0x533e_2025_01_01,CUS_0x533e,2025-01-01,10,9,10000,1000.0,0.0,6000.0,7000.0,2025-10-01
CUS_0x5352_2025_01_01,CUS_0x5352,2025-01-01,10,9,10000,1000.0,1000.0,0.0,1000.0,2025-10-01
CUS_0x537e_2025_01_01,CUS_0x537e,2025-01-01,10,9,10000,1000.0,1000.0,0.0,1000.0,2025-10-01
CUS_0x5382_2024_12_01,CUS_0x5382,2024-12-01,10,10,10000,1000.0,1000.0,0.0,0.0,2025-10-01
CUS_0x53f7_2025_01_01,CUS_0x53f7,2025-01-01,10,9,10000,1000.0,1000.0,0.0,1000.0,2025-10-01
CUS_0x54b_2025_01_01,CUS_0x54b,2025-01-01,10,9,10000,1000.0,0.0,5000.0,6000.0,2025-10-01
CUS_0x54b3_2024_12_01,CUS_0x54b3,2024-12-01,10,10,10000,1000.0,0.0,6000.0,6000.0,2025-10-01
CUS_0x54d0_2025_01_01,CUS_0x54d0,2025-01-01,10,9,10000,1000.0,1000.0,0.0,1000.0,2025-10-01
CUS_0x54e8_2025_01_01,CUS_0x54e8,2025-01-01,10,9,10000,1000.0,1000.0,0.0,1000.0,2025-10-01
CUS_0x5522_2025_01_01,CUS_0x5522,2025-01-01,10,9,10000,1000.0,1000.0,0.0,1000.0,2025-10-01
CUS_0x556_2025_01_01,CUS_0x556,2025-01-01,10,9,10000,1000.0,0.0,7000.0,8000.0,2025-10-01
CUS_0x556e_2024_12_01,CUS_0x556e,2024-12-01,10,10,10000,1000.0,1000.0,0.0,0.0,2025-10-01
CUS_0x558f_2024_12_01,CUS_0x558f,2024-12-01,10,10,10000,1000.0,1000.0,0.0,0.0,2025-10-01
CUS_0x55fd_2024_12_01,CUS_0x55fd,2024-12-01,10,10,10000,1000.0,1000.0,0.0,0.0,2025-10-01
CUS_0x5672_2025_01_01,CUS_0x5672,2025-01-01,10,9,10000,1000.0,1000.0,0.0,1000.0,2025-10-01
CUS_0x574d_2024_12_01,CUS_0x574d,2024-12-01,10,10,10000,1000.0,1000.0,0.0,0.0,2025-10-01
CUS_0x578b_2025_01_01,CUS_0x578b,2025-01-01,10,9,10000,1000.0,0.0,7000.0,8000.0,2025-10-01
CUS_0x579e_2024_12_01,CUS_0x579e,2024-12-01,10,10,10000,1000.0,0.0,6000.0,6000.0,2025-10-01
CUS_0x57c_2024_12_01,CUS_0x57c,2024-12-01,10,10,10000,1000.0,1000.0,0.0,0.0,2025-10-01
CUS_0x5833_2024_12_01,CUS_0x5833,2024-12-01,10,10,10000,1000.0,1000.0,0.0,0.0,2025-10-01
CUS_0x586c_2025_01_01,CUS_0x586c,2025-01-01,10,9,10000,1000.0,1000.0,0.0,1000.0,2025-10-01
CUS_0x5873_2024_12_01,CUS_0x5873,2024-12-01,10,10,10000,1000.0,0.0,6000.0,6000.0,2025-10-01
CUS_0x58b2_2025_01_01,CUS_0x58b2,2025-01-01,10,9,10000,1000.0,1000.0,0.0,1000.0,2025-10-01
CUS_0x58d7_2025_01_01,CUS_0x58d7,2025-01-01,10,9,10000,1000.0,1000.0,0.0,1000.0,2025-10-01
CUS_0x58e3_2024_12_01,CUS_0x58e3,2024-12-01,10,10,10000,1000.0,1000.0,0.0,0.0,2025-10-01
CUS_0x5905_2025_01_01,CUS_0x5905,2025-01-01,10,9,10000,1000.0,1000.0,0.0,1000.0,2025-10-01
CUS_0x591_2024_12_01,CUS_0x591,2024-12-01,10,10,10000,1000.0,1000.0,0.0,0.0,2025-10-01
CUS_0x5946_2025_01_01,CUS_0x5946,2025-01-01,10,9,10000,1000.0,1000.0,0.0,1000.0,2025-10-01
CUS_0x597c_2024_12_01,CUS_0x597c,2024-12-01,10,10,10000,1000.0,0.0,8000.0,8000.0,2025-10-01
CUS_0x59bd_2025_01_01,CUS_0x59bd,2025-01-01,10,9,10000,1000.0,0.0,7000.0,8000.0,2025-10-01
CUS_0x5a0f_2025_01_01,CUS_0x5a0f,2025-01-01,10,9,10000,1000.0,1000.0,0.0,1000.0,2025-10-01
CUS_0x5a61_2024_12_01,CUS_0x5a61,2024-12-01,10,10,10000,1000.0,0.0,7000.0,7000.0,2025-10-01
CUS_0x5a83_2025_01_01,CUS_0x5a83,2025-01-01,10,9,10000,1000.0,1000.0,0.0,1000.0,2025-10-01
CUS_0x5a88_2025_01_01,CUS_0x5a88,2025-01-01,10,9,10000,1000.0,0.0,7000.0,8000.0,2025-10-01
CUS_0x5a89_2024_12_01,CUS_0x5a89,2024-12-01,10,10,10000,1000.0,1000.0,0.0,0.0,2025-10-01
CUS_0x5aa9_2024_12_01,CUS_0x5aa9,2024-12-01,10,10,10000,1000.0,1000.0,0.0,0.0,2025-10-01
CUS_0x5ae2_2024_12_01,CUS_0x5ae2,2024-12-01,10,10,10000,1000.0,1000.0,0.0,0.0,2025-10-01
CUS_0x5afa_2024_12_01,CUS_0x5afa,2024-12-01,10,10,10000,1000.0,0.0,9000.0,9000.0,2025-10-01
CUS_0x5afd_2024_12_01,CUS_0x5afd,2024-12-01,10,10,10000,1000.0,1000.0,0.0,0.0,2025-10-01
CUS_0x5b0a_2024_12_01,CUS_0x5b0a,2024-12-01,10,10,10000,1000.0,1000.0,0.0,0.0,2025-10-01
CUS_0x5b0f_2024_12_01,CUS_0x5b0f,2024-12-01,10,10,10000,1000.0,1000.0,0.0,0.0,2025-10-01
CUS_0x5b20_2024_12_01,CUS_0x5b20,2024-12-01,10,10,10000,1000.0,1000.0,0.0,0.0,2025-10-01
CUS_0x5b37_2025_01_01,CUS_0x5b37,2025-01-01,10,9,10000,1000.0,0.0,6000.0,7000.0,2025-10-01
CUS_0x5b61_2025_01_01,CUS_0x5b61,2025-01-01,10,9,10000,1000.0,1000.0,0.0,1000.0,2025-10-01
CUS_0x5b8_2025_01_01,CUS_0x5b8,2025-01-01,10,9,10000,1000.0,1000.0,0.0,1000.0,2025-10-01
CUS_0x5b8c_2025_01_01,CUS_0x5b8c,2025-01-01,10,9,10000,1000.0,1000.0,0.0,1000.0,2025-10-01
CUS_0x5bc7_2024_12_01,CUS_0x5bc7,2024-12-01,10,10,10000,1000.0,1000.0,0.0,0.0,2025-10-01
CUS_0x5c2c_2025_01_01,CUS_0x5c2c,2025-01-01,10,9,10000,1000.0,1000.0,0.0,1000.0,2025-10-01
CUS_0x5cb6_2025_01_01,CUS_0x5cb6,2025-01-01,10,9,10000,1000.0,1000.0,0.0,1000.0,2025-10-01
CUS_0x5d14_2025_01_01,CUS_0x5d14,2025-01-01,10,9,10000,1000.0,1000.0,0.0,1000.0,2025-10-01
CUS_0x5d5_2025_01_01,CUS_0x5d5,2025-01-01,10,9,10000,1000.0,1000.0,0.0,1000.0,2025-10-01
CUS_0x5d67_2025_01_01,CUS_0x5d67,2025-01-01,10,9,10000,1000.0,1000.0,0.0,1000.0,2025-10-01
CUS_0x5d6a_2025_01_01,CUS_0x5d6a,2025-01-01,10,9,10000,1000.0,0.0,6000.0,7000.0,2025-10-01
CUS_0x5da7_2025_01_01,CUS_0x5da7,2025-01-01,10,9,10000,1000.0,1000.0,0.0,1000.0,2025-10-01
CUS_0x5df9_2025_01_01,CUS_0x5df9,2025-01-01,10,9,10000,1000.0,1000.0,0.0,1000.0,2025-10-01
CUS_0x5e17_2025_01_01,CUS_0x5e17,2025-01-01,10,9,10000,1000.0,0.0,6000.0,7000.0,2025-10-01
CUS_0x5e44_2024_12_01,CUS_0x5e44,2024-12-01,10,10,10000,1000.0,1000.0,0.0,0.0,2025-10-01
CUS_0x5ec2_2025_01_01,CUS_0x5ec2,2025-01-01,10,9,10000,1000.0,1000.0,0.0,1000.0,2025-10-01
CUS_0x5ed2_2025_01_01,CUS_0x5ed2,2025-01-01,10,9,10000,1000.0,0.0,5000.0,6000.0,2025-10-01
CUS_0x5edc_2025_01_01,CUS_0x5edc,2025-01-01,10,9,10000,1000.0,1000.0,0.0,1000.0,2025-10-01
CUS_0x5ee0_2024_12_01,CUS_0x5ee0,2024-12-01,10,10,10000,1000.0,1000.0,0.0,0.0,2025-10-01
CUS_0x5f05_2025_01_01,CUS_0x5f05,2025-01-01,10,9,10000,1000.0,0.0,5000.0,6000.0,2025-10-01
CUS_0x5f22_2025_01_01,CUS_0x5f22,2025-01-01,10,9,10000,1000.0,1000.0,0.0,1000.0,2025-10-01
CUS_0x5f49_2025_01_01,CUS_0x5f49,2025-01-01,10,9,10000,1000.0,1000.0,0.0,1000.0,2025-10-01
CUS_0x5f59_2024_12_01,CUS_0x5f59,2024-12-01,10,10,10000,1000.0,1000.0,0.0,0.0,2025-10-01
CUS_0x5fa9_2024_12_01,CUS_0x5fa9,2024-12-01,10,10,10000,1000.0,1000.0,0.0,0.0,2025-10-01
CUS_0x5fab_2025_01_01,CUS_0x5fab,2025-01-01,10,9,10000,1000.0,1000.0,0.0,1000.0,2025-10-01
CUS_0x5fdb_2024_12_01,CUS_0x5fdb,2024-12-01,10,10,10000,1000.0,1000.0,0.0,0.0,2025-10-01
CUS_0x5fde_2025_01_01,CUS_0x5fde,2025-01-01,10,9,10000,1000.0,1000.0,0.0,1000.0,2025-10-01
CUS_0x5fe6_2024_12_01,CUS_0x5fe6,2024-12-01,10,10,10000,1000.0,1000.0,0.0,0.0,2025-10-01
CUS_0x600e_2025_01_01,CUS_0x600e,2025-01-01,10,9,10000,1000.0,1000.0,0.0,1000.0,2025-10-01
CUS_0x6015_2024_12_01,CUS_0x6015,2024-12-01,10,10,10000,1000.0,1000.0,0.0,0.0,2025-10-01
CUS_0x602a_2024_12_01,CUS_0x602a,2024-12-01,10,10,10000,1000.0,0.0,7000.0,7000.0,2025-10-01
CUS_0x6088_2024_12_01,CUS_0x6088,2024-12-01,10,10,10000,1000.0,0.0,8000.0,8000.0,2025-10-01
CUS_0x60ae_2024_12_01,CUS_0x60ae,2024-12-01,10,10,10000,1000.0,1000.0,0.0,0.0,2025-10-01
CUS_0x60c3_2025_01_01,CUS_0x60c3,2025-01-01,10,9,10000,1000.0,1000.0,0.0,1000.0,2025-10-01
CUS_0x6133_2024_12_01,CUS_0x6133,2024-12-01,10,10,10000,1000.0,1000.0,0.0,0.0,2025-10-01
CUS_0x614f_2025_01_01,CUS_0x614f,2025-01-01,10,9,10000,1000.0,0.0,6000.0,7000.0,2025-10-01
CUS_0x61a7_2025_01_01,CUS_0x61a7,2025-01-01,10,9,10000,1000.0,0.0,6000.0,7000.0,2025-10-01
CUS_0x61ff_2024_12_01,CUS_0x61ff,2024-12-01,10,10,10000,1000.0,0.0,9000.0,9000.0,2025-10-01
CUS_0x6211_2025_01_01,CUS_0x6211,2025-01-01,10,9,10000,1000.0,0.0,8000.0,9000.0,2025-10-01
CUS_0x6244_2025_01_01,CUS_0x6244,2025-01-01,10,9,10000,1000.0,0.0,5000.0,6000.0,2025-10-01
CUS_0x6256_2024_12_01,CUS_0x6256,2024-12-01,10,10,10000,1000.0,1000.0,0.0,0.0,2025-10-01
CUS_0x62c7_2024_12_01,CUS_0x62c7,2024-12-01,10,10,10000,1000.0,1000.0,0.0,0.0,2025-10-01
CUS_0x62cd_2025_01_01,CUS_0x62cd,2025-01-01,10,9,10000,1000.0,1000.0,0.0,1000.0,2025-10-01
CUS_0x638b_2024_12_01,CUS_0x638b,2024-12-01,10,10,10000,1000.0,1000.0,0.0,0.0,2025-10-01
CUS_0x63b1_2025_01_01,CUS_0x63b1,2025-01-01,10,9,10000,1000.0,1000.0,0.0,1000.0,2025-10-01
CUS_0x63c_2025_01_01,CUS_0x63c,2025-01-01,10,9,10000,1000.0,0.0,7000.0,8000.0,2025-10-01
CUS_0x63de_2024_12_01,CUS_0x63de,2024-12-01,10,10,10000,1000.0,1000.0,0.0,0.0,2025-10-01
CUS_0x63f7_2024_12_01,CUS_0x63f7,2024-12-01,10,10,10000,1000.0,1000.0,0.0,0.0,2025-10-01
CUS_0x6410_2024_12_01,CUS_0x6410,2024-12-01,10,10,10000,1000.0,0.0,9000.0,9000.0,2025-10-01
CUS_0x6472_2024_12_01,CUS_0x6472,2024-12-01,10,10,10000,1000.0,1000.0,0.0,0.0,2025-10-01
CUS_0x647e_2025_01_01,CUS_0x647e,2025-01-01,10,9,10000,1000.0,1000.0,0.0,1000.0,2025-10-01
CUS_0x648a_2025_01_01,CUS_0x648a,2025-01-01,10,9,10000,1000.0,0.0,7000.0,8000.0,2025-10-01
CUS_0x6492_2025_01_01,CUS_0x6492,2025-01-01,10,9,10000,1000.0,1000.0,0.0,1000.0,2025-10-01
CUS_0x6503_2024_12_01,CUS_0x6503,2024-12-01,10,10,10000,1000.0,1000.0,0.0,0.0,2025-10-01
CUS_0x6504_2025_01_01,CUS_0x6504,2025-01-01,10,9,10000,1000.0,0.0,7000.0,8000.0,2025-10-01
CUS_0x652c_2024_12_01,CUS_0x652c,2024-12-01,10,10,10000,1000.0,1000.0,0.0,0.0,2025-10-01
CUS_0x65c0_2025_01_01,CUS_0x65c0,2025-01-01,10,9,10000,1000.0,1000.0,0.0,1000.0,2025-10-01
CUS_0x65fe_2025_01_01,CUS_0x65fe,2025-01-01,10,9,10000,1000.0,0.0,5000.0,6000.0,2025-10-01
CUS_0x6603_2025_01_01,CUS_0x6603,2025-01-01,10,9,10000,1000.0,1000.0,0.0,1000.0,2025-10-01
CUS_0x6649_2024_12_01,CUS_0x6649,2024-12-01,10,10,10000,1000.0,1000.0,0.0,0.0,2025-10-01
CUS_0x665a_2025_01_01,CUS_0x665a,2025-01-01,10,9,10000,1000.0,1000.0,0.0,1000.0,2025-10-01
CUS_0x6689_2025_01_01,CUS_0x6689,2025-01-01,10,9,10000,1000.0,1000.0,0.0,1000.0,2025-10-01
CUS_0x6692_2024_12_01,CUS_0x6692,2024-12-01,10,10,10000,1000.0,1000.0,0.0,0.0,2025-10-01
CUS_0x66b8_2024_12_01,CUS_0x66b8,2024-12-01,10,10,10000,1000.0,1000.0,0.0,0.0,2025-10-01
CUS_0x66c4_2025_01_01,CUS_0x66c4,2025-01-01,10,9,10000,1000.0,1000.0,0.0,1000.0,2025-10-01
CUS_0x66c8_2024_12_01,CUS_0x66c8,2024-12-01,10,10,10000,1000.0,1000.0,0.0,0.0,2025-10-01
CUS_0x66e3_2024_12_01,CUS_0x66e3,2024-12-01,10,10,10000,1000.0,1000.0,0.0,0.0,2025-10-01
CUS_0x66eb_2025_01_01,CUS_0x66eb,2025-01-01,10,9,10000,1000.0,1000.0,0.0,1000.0,2025-10-01
CUS_0x670d_2024_12_01,CUS_0x670d,2024-12-01,10,10,10000,1000.0,0.0,8000.0,8000.0,2025-10-01
CUS_0x674a_2024_12_01,CUS_0x674a,2024-12-01,10,10,10000,1000.0,1000.0,0.0,0.0,2025-10-01
CUS_0x677a_2024_12_01,CUS_0x677a,2024-12-01,10,10,10000,1000.0,1000.0,0.0,0.0,2025-10-01
CUS_0x6781_2024_12_01,CUS_0x6781,2024-12-01,10,10,10000,1000.0,1000.0,0.0,0.0,2025-10-01
CUS_0x67aa_2024_12_01,CUS_0x67aa,2024-12-01,10,10,10000,1000.0,1000.0,0.0,0.0,2025-10-01
CUS_0x67af_2024_12_01,CUS_0x67af,2024-12-01,10,10,10000,1000.0,0.0,6000.0,6000.0,2025-10-01
CUS_0x6821_2025_01_01,CUS_0x6821,2025-01-01,10,9,10000,1000.0,0.0,6000.0,7000.0,2025-10-01
CUS_0x6827_2025_01_01,CUS_0x6827,2025-01-01,10,9,10000,1000.0,0.0,7000.0,8000.0,2025-10-01
CUS_0x682f_2025_01_01,CUS_0x682f,2025-01-01,10,9,10000,1000.0,1000.0,0.0,1000.0,2025-10-01
CUS_0x6877_2024_12_01,CUS_0x6877,2024-12-01,10,10,10000,1000.0,1000.0,0.0,0.0,2025-10-01
CUS_0x6891_2025_01_01,CUS_0x6891,2025-01-01,10,9,10000,1000.0,0.0,5000.0,6000.0,2025-10-01
CUS_0x6895_2025_01_01,CUS_0x6895,2025-01-01,10,9,10000,1000.0,0.0,6000.0,7000.0,2025-10-01
CUS_0x689c_2024_12_01,CUS_0x689c,2024-12-01,10,10,10000,1000.0,1000.0,0.0,0.0,2025-10-01
CUS_0x68af_2025_01_01,CUS_0x68af,2025-01-01,10,9,10000,1000.0,1000.0,0.0,1000.0,2025-10-01
CUS_0x68f6_2025_01_01,CUS_0x68f6,2025-01-01,10,9,10000,1000.0,0.0,6000.0,7000.0,2025-10-01
CUS_0x692c_2025_01_01,CUS_0x692c,2025-01-01,10,9,10000,1000.0,1000.0,0.0,1000.0,2025-10-01
CUS_0x6997_2025_01_01,CUS_0x6997,2025-01-01,10,9,10000,1000.0,1000.0,0.0,1000.0,2025-10-01
CUS_0x69ea_2024_12_01,CUS_0x69ea,2024-12-01,10,10,10000,1000.0,1000.0,0.0,0.0,2025-10-01
CUS_0x69eb_2024_12_01,CUS_0x69eb,2024-12-01,10,10,10000,1000.0,0.0,6000.0,6000.0,2025-10-01
CUS_0x6a0b_2025_01_01,CUS_0x6a0b,2025-01-01,10,9,10000,1000.0,0.0,6000.0,7000.0,2025-10-01
CUS_0x6a27_2025_01_01,CUS_0x6a27,2025-01-01,10,9,10000,1000.0,1000.0,0.0,1000.0,2025-10-01
CUS_0x6a39_2024_12_01,CUS_0x6a39,2024-12-01,10,10,10000,1000.0,0.0,9000.0,9000.0,2025-10-01
CUS_0x6a7_2024_12_01,CUS_0x6a7,2024-12-01,10,10,10000,1000.0,1000.0,0.0,0.0,2025-10-01
CUS_0x6a9d_2024_12_01,CUS_0x6a9d,2024-12-01,10,10,10000,1000.0,0.0,10000.0,10000.0,2025-10-01
CUS_0x6ae4_2025_01_01,CUS_0x6ae4,2025-01-01,10,9,10000,1000.0,1000.0,0.0,1000.0,2025-10-01
CUS_0x6b3a_2025_01_01,CUS_0x6b3a,2025-01-01,10,9,10000,1000.0,1000.0,0.0,1000.0,2025-10-01
CUS_0x6b57_2024_12_01,CUS_0x6b57,2024-12-01,10,10,10000,1000.0,1000.0,0.0,0.0,2025-10-01
CUS_0x6b61_2025_01_01,CUS_0x6b61,2025-01-01,10,9,10000,1000.0,1000.0,0.0,1000.0,2025-10-01
CUS_0x6b7f_2024_12_01,CUS_0x6b7f,2024-12-01,10,10,10000,1000.0,1000.0,0.0,0.0,2025-10-01
CUS_0x6b94_2024_12_01,CUS_0x6b94,2024-12-01,10,10,10000,1000.0,1000.0,0.0,0.0,2025-10-01
CUS_0x6bbd_2025_01_01,CUS_0x6bbd,2025-01-01,10,9,10000,1000.0,1000.0,0.0,1000.0,2025-10-01
CUS_0x6bcf_2025_01_01,CUS_0x6bcf,2025-01-01,10,9,10000,1000.0,1000.0,0.0,1000.0,2025-10-01
CUS_0x6bd_2025_01_01,CUS_0x6bd,2025-01-01,10,9,10000,1000.0,1000.0,0.0,1000.0,2025-10-01
CUS_0x6bda_2025_01_01,CUS_0x6bda,2025-01-01,10,9,10000,1000.0,1000.0,0.0,1000.0,2025-10-01
CUS_0x6c89_2024_12_01,CUS_0x6c89,2024-12-01,10,10,10000,1000.0,1000.0,0.0,0.0,2025-10-01
CUS_0x6c9b_2025_01_01,CUS_0x6c9b,2025-01-01,10,9,10000,1000.0,1000.0,0.0,1000.0,2025-10-01
CUS_0x6d63_2024_12_01,CUS_0x6d63,2024-12-01,10,10,10000,1000.0,0.0,8000.0,8000.0,2025-10-01
CUS_0x6d9f_2024_12_01,CUS_0x6d9f,2024-12-01,10,10,10000,1000.0,0.0,6000.0,6000.0,2025-10-01
CUS_0x6da9_2024_12_01,CUS_0x6da9,2024-12-01,10,10,10000,1000.0,1000.0,0.0,0.0,2025-10-01
CUS_0x6dd7_2024_12_01,CUS_0x6dd7,2024-12-01,10,10,10000,1000.0,0.0,6000.0,6000.0,2025-10-01
CUS_0x6e06_2024_12_01,CUS_0x6e06,2024-12-01,10,10,10000,1000.0,1000.0,0.0,0.0,2025-10-01
CUS_0x6e0d_2024_12_01,CUS_0x6e0d,2024-12-01,10,10,10000,1000.0,1000.0,0.0,0.0,2025-10-01
CUS_0x6e13_2024_12_01,CUS_0x6e13,2024-12-01,10,10,10000,1000.0,1000.0,0.0,0.0,2025-10-01
CUS_0x6e2a_2024_12_01,CUS_0x6e2a,2024-12-01,10,10,10000,1000.0,0.0,7000.0,7000.0,2025-10-01
CUS_0x6e6a_2025_01_01,CUS_0x6e6a,2025-01-01,10,9,10000,1000.0,0.0,7000.0,8000.0,2025-10-01
CUS_0x6e6f_2025_01_01,CUS_0x6e6f,2025-01-01,10,9,10000,1000.0,1000.0,0.0,1000.0,2025-10-01
CUS_0x6eb2_2025_01_01,CUS_0x6eb2,2025-01-01,10,9,10000,1000.0,1000.0,0.0,1000.0,2025-10-01
CUS_0x6ec8_2024_12_01,CUS_0x6ec8,2024-12-01,10,10,10000,1000.0,1000.0,0.0,0.0,2025-10-01
CUS_0x6ed7_2024_12_01,CUS_0x6ed7,2024-12-01,10,10,10000,1000.0,0.0,10000.0,10000.0,2025-10-01
CUS_0x6ef2_2024_12_01,CUS_0x6ef2,2024-12-01,10,10,10000,1000.0,1000.0,0.0,0.0,2025-10-01
CUS_0x6f0_2025_01_01,CUS_0x6f0,2025-01-01,10,9,10000,1000.0,1000.0,0.0,1000.0,2025-10-01
CUS_0x6f2d_2025_01_01,CUS_0x6f2d,2025-01-01,10,9,10000,1000.0,0.0,5000.0,6000.0,2025-10-01
CUS_0x6f3b_2025_01_01,CUS_0x6f3b,2025-01-01,10,9,10000,1000.0,1000.0,0.0,1000.0,2025-10-01
CUS_0x6f81_2025_01_01,CUS_0x6f81,2025-01-01,10,9,10000,1000.0,1000.0,0.0,1000.0,2025-10-01
CUS_0x7058_2025_01_01,CUS_0x7058,2025-01-01,10,9,10000,1000.0,0.0,6000.0,7000.0,2025-10-01
CUS_0x708f_2025_01_01,CUS_0x708f,2025-01-01,10,9,10000,1000.0,0.0,6000.0,7000.0,2025-10-01
CUS_0x709a_2025_01_01,CUS_0x709a,2025-01-01,10,9,10000,1000.0,1000.0,0.0,1000.0,2025-10-01
CUS_0x70bc_2024_12_01,CUS_0x70bc,2024-12-01,10,10,10000,1000.0,1000.0,0.0,0.0,2025-10-01
CUS_0x714a_2024_12_01,CUS_0x714a,2024-12-01,10,10,10000,1000.0,1000.0,0.0,0.0,2025-10-01
CUS_0x7167_2024_12_01,CUS_0x7167,2024-12-01,10,10,10000,1000.0,1000.0,0.0,0.0,2025-10-01
CUS_0x717a_2024_12_01,CUS_0x717a,2024-12-01,10,10,10000,1000.0,1000.0,0.0,0.0,2025-10-01
CUS_0x71f1_2025_01_01,CUS_0x71f1,2025-01-01,10,9,10000,1000.0,1000.0,0.0,1000.0,2025-10-01
CUS_0x7255_2024_12_01,CUS_0x7255,2024-12-01,10,10,10000,1000.0,1000.0,0.0,0.0,2025-10-01
CUS_0x72a8_2024_12_01,CUS_0x72a8,2024-12-01,10,10,10000,1000.0,1000.0,0.0,0.0,2025-10-01
CUS_0x72e3_2025_01_01,CUS_0x72e3,2025-01-01,10,9,10000,1000.0,1000.0,0.0,1000.0,2025-10-01
CUS_0x72e9_2024_12_01,CUS_0x72e9,2024-12-01,10,10,10000,1000.0,1000.0,0.0,0.0,2025-10-01
CUS_0x7327_2025_01_01,CUS_0x7327,2025-01-01,10,9,10000,1000.0,1000.0,0.0,1000.0,2025-10-01
CUS_0x7341_2024_12_01,CUS_0x7341,2024-12-01,10,10,10000,1000.0,1000.0,0.0,0.0,2025-10-01
CUS_0x7438_2024_12_01,CUS_0x7438,2024-12-01,10,10,10000,1000.0,1000.0,0.0,0.0,2025-10-01
CUS_0x745a_2024_12_01,CUS_0x745a,2024-12-01,10,10,10000,1000.0,1000.0,0.0,0.0,2025-10-01
CUS_0x7483_2024_12_01,CUS_0x7483,2024-12-01,10,10,10000,1000.0,1000.0,0.0,0.0,2025-10-01
CUS_0x74c9_2025_01_01,CUS_0x74c9,2025-01-01,10,9,10000,1000.0,0.0,7000.0,8000.0,2025-10-01
CUS_0x751b_2025_01_01,CUS_0x751b,2025-01-01,10,9,10000,1000.0,1000.0,0.0,1000.0,2025-10-01
CUS_0x7561_2025_01_01,CUS_0x7561,2025-01-01,10,9,10000,1000.0,1000.0,0.0,1000.0,2025-10-01
CUS_0x756a_2025_01_01,CUS_0x756a,2025-01-01,10,9,10000,1000.0,0.0,5000.0,6000.0,2025-10-01
CUS_0x757_2025_01_01,CUS_0x757,2025-01-01,10,9,10000,1000.0,1000.0,0.0,1000.0,2025-10-01
CUS_0x7577_2024_12_01,CUS_0x7577,2024-12-01,10,10,10000,1000.0,1000.0,0.0,0.0,2025-10-01
CUS_0x7586_2025_01_01,CUS_0x7586,2025-01-01,10,9,10000,1000.0,1000.0,0.0,1000.0,2025-10-01
CUS_0x758c_2024_12_01,CUS_0x758c,2024-12-01,10,10,10000,1000.0,0.0,9000.0,9000.0,2025-10-01
CUS_0x765_2025_01_01,CUS_0x765,2025-01-01,10,9,10000,1000.0,1000.0,0.0,1000.0,2025-10-01
CUS_0x768c_2024_12_01,CUS_0x768c,2024-12-01,10,10,10000,1000.0,0.0,7000.0,7000.0,2025-10-01
CUS_0x76b0_2024_12_01,CUS_0x76b0,2024-12-01,10,10,10000,1000.0,0.0,8000.0,8000.0,2025-10-01
CUS_0x770a_2025_01_01,CUS_0x770a,2025-01-01,10,9,10000,1000.0,0.0,7000.0,8000.0,2025-10-01
CUS_0x771d_2024_12_01,CUS_0x771d,2024-12-01,10,10,10000,1000.0,1000.0,0.0,0.0,2025-10-01
CUS_0x774_2024_12_01,CUS_0x774,2024-12-01,10,10,10000,1000.0,1000.0,0.0,0.0,2025-10-01
CUS_0x7741_2025_01_01,CUS_0x7741,2025-01-01,10,9,10000,1000.0,0.0,5000.0,6000.0,2025-10-01
CUS_0x775d_2024_12_01,CUS_0x775d,2024-12-01,10,10,10000,1000.0,1000.0,0.0,0.0,2025-10-01
CUS_0x7765_2024_12_01,CUS_0x7765,2024-12-01,10,10,10000,1000.0,1000.0,0.0,0.0,2025-10-01
CUS_0x7789_2025_01_01,CUS_0x7789,2025-01-01,10,9,10000,1000.0,1000.0,0.0,1000.0,2025-10-01
CUS_0x77b6_2025_01_01,CUS_0x77b6,2025-01-01,10,9,10000,1000.0,1000.0,0.0,1000.0,2025-10-01
CUS_0x7813_2025_01_01,CUS_0x7813,2025-01-01,10,9,10000,1000.0,1000.0,0.0,1000.0,2025-10-01
CUS_0x7888_2024_12_01,CUS_0x7888,2024-12-01,10,10,10000,1000.0,1000.0,0.0,0.0,2025-10-01
CUS_0x78a2_2025_01_01,CUS_0x78a2,2025-01-01,10,9,10000,1000.0,0.0,8000.0,9000.0,2025-10-01
CUS_0x796a_2025_01_01,CUS_0x796a,2025-01-01,10,9,10000,1000.0,1000.0,0.0,1000.0,2025-10-01
CUS_0x799b_2025_01_01,CUS_0x799b,2025-01-01,10,9,10000,1000.0,1000.0,0.0,1000.0,2025-10-01
CUS_0x79a_2024_12_01,CUS_0x79a,2024-12-01,10,10,10000,1000.0,1000.0,0.0,0.0,2025-10-01
CUS_0x79d1_2024_12_01,CUS_0x79d1,2024-12-01,10,10,10000,1000.0,1000.0,0.0,0.0,2025-10-01
CUS_0x7a46_2025_01_01,CUS_0x7a46,2025-01-01,10,9,10000,1000.0,0.0,8000.0,9000.0,2025-10-01
CUS_0x7a53_2024_12_01,CUS_0x7a53,2024-12-01,10,10,10000,1000.0,0.0,8000.0,8000.0,2025-10-01
CUS_0x7a76_2025_01_01,CUS_0x7a76,2025-01-01,10,9,10000,1000.0,1000.0,0.0,1000.0,2025-10-01
CUS_0x7a91_2024_12_01,CUS_0x7a91,2024-12-01,10,10,10000,1000.0,1000.0,0.0,0.0,2025-10-01
CUS_0x7aad_2025_01_01,CUS_0x7aad,2025-01-01,10,9,10000,1000.0,1000.0,0.0,1000.0,2025-10-01
CUS_0x7ae1_2025_01_01,CUS_0x7ae1,2025-01-01,10,9,10000,1000.0,1000.0,0.0,1000.0,2025-10-01
CUS_0x7af7_2025_01_01,CUS_0x7af7,2025-01-01,10,9,10000,1000.0,1000.0,0.0,1000.0,2025-10-01
CUS_0x7b4b_2025_01_01,CUS_0x7b4b,2025-01-01,10,9,10000,1000.0,1000.0,0.0,1000.0,2025-10-01
CUS_0x7bb_2025_01_01,CUS_0x7bb,2025-01-01,10,9,10000,1000.0,1000.0,0.0,1000.0,2025-10-01
CUS_0x7bc3_2024_12_01,CUS_0x7bc3,2024-12-01,10,10,10000,1000.0,1000.0,0.0,0.0,2025-10-01
CUS_0x7bf9_2024_12_01,CUS_0x7bf9,2024-12-01,10,10,10000,1000.0,1000.0,0.0,0.0,2025-10-01
CUS_0x7c34_2025_01_01,CUS_0x7c34,2025-01-01,10,9,10000,1000.0,1000.0,0.0,1000.0,2025-10-01
CUS_0x7c51_2024_12_01,CUS_0x7c51,2024-12-01,10,10,10000,1000.0,1000.0,0.0,0.0,2025-10-01
CUS_0x7c8d_2025_01_01,CUS_0x7c8d,2025-01-01,10,9,10000,1000.0,0.0,7000.0,8000.0,2025-10-01
CUS_0x7cc4_2025_01_01,CUS_0x7cc4,2025-01-01,10,9,10000,1000.0,1000.0,0.0,1000.0,2025-10-01
CUS_0x7cd3_2025_01_01,CUS_0x7cd3,2025-01-01,10,9,10000,1000.0,1000.0,0.0,1000.0,2025-10-01
CUS_0x7cdc_2025_01_01,CUS_0x7cdc,2025-01-01,10,9,10000,1000.0,1000.0,0.0,1000.0,2025-10-01
CUS_0x7ce5_2024_12_01,CUS_0x7ce5,2024-12-01,10,10,10000,1000.0,1000.0,0.0,0.0,2025-10-01
CUS_0x7d6f_2024_12_01,CUS_0x7d6f,2024-12-01,10,10,10000,1000.0,1000.0,0.0,0.0,2025-10-01
CUS_0x7d83_2025_01_01,CUS_0x7d83,2025-01-01,10,9,10000,1000.0,0.0,8000.0,9000.0,2025-10-01
CUS_0x7dc4_2024_12_01,CUS_0x7dc4,2024-12-01,10,10,10000,1000.0,1000.0,0.0,0.0,2025-10-01
CUS_0x7dc5_2024_12_01,CUS_0x7dc5,2024-12-01,10,10,10000,1000.0,1000.0,0.0,0.0,2025-10-01
CUS_0x7dfc_2024_12_01,CUS_0x7dfc,2024-12-01,10,10,10000,1000.0,1000.0,0.0,0.0,2025-10-01
CUS_0x7e18_2025_01_01,CUS_0x7e18,2025-01-01,10,9,10000,1000.0,0.0,5000.0,6000.0,2025-10-01
CUS_0x7e39_2024_12_01,CUS_0x7e39,2024-12-01,10,10,10000,1000.0,0.0,7000.0,7000.0,2025-10-01
CUS_0x7e50_2025_01_01,CUS_0x7e50,2025-01-01,10,9,10000,1000.0,1000.0,0.0,1000.0,2025-10-01
CUS_0x7e70_2024_12_01,CUS_0x7e70,2024-12-01,10,10,10000,1000.0,1000.0,0.0,0.0,2025-10-01
CUS_0x7e76_2025_01_01,CUS_0x7e76,2025-01-01,10,9,10000,1000.0,1000.0,0.0,1000.0,2025-10-01
CUS_0x7e7f_2025_01_01,CUS_0x7e7f,2025-01-01,10,9,10000,1000.0,1000.0,0.0,1000.0,2025-10-01
CUS_0x7f2a_2025_01_01,CUS_0x7f2a,2025-01-01,10,9,10000,1000.0,1000.0,0.0,1000.0,2025-10-01
CUS_0x7f40_2024_12_01,CUS_0x7f40,2024-12-01,10,10,10000,1000.0,1000.0,0.0,0.0,2025-10-01
CUS_0x7f67_2025_01_01,CUS_0x7f67,2025-01-01,10,9,10000,1000.0,1000.0,0.0,1000.0,2025-10-01
CUS_0x7f86_2025_01_01,CUS_0x7f86,2025-01-01,10,9,10000,1000.0,1000.0,0.0,1000.0,2025-10-01
CUS_0x7faa_2024_12_01,CUS_0x7faa,2024-12-01,10,10,10000,1000.0,1000.0,0.0,0.0,2025-10-01
CUS_0x7fd8_2025_01_01,CUS_0x7fd8,2025-01-01,10,9,10000,1000.0,1000.0,0.0,1000.0,2025-10-01
CUS_0x7fd9_2025_01_01,CUS_0x7fd9,2025-01-01,10,9,10000,1000.0,1000.0,0.0,1000.0,2025-10-01
CUS_0x801_2025_01_01,CUS_0x801,2025-01-01,10,9,10000,1000.0,0.0,8000.0,9000.0,2025-10-01
CUS_0x8026_2024_12_01,CUS_0x8026,2024-12-01,10,10,10000,1000.0,0.0,9000.0,9000.0,2025-10-01
CUS_0x802f_2025_01_01,CUS_0x802f,2025-01-01,10,9,10000,1000.0,0.0,6000.0,7000.0,2025-10-01
CUS_0x804e_2025_01_01,CUS_0x804e,2025-01-01,10,9,10000,1000.0,1000.0,0.0,1000.0,2025-10-01
CUS_0x8091_2025_01_01,CUS_0x8091,2025-01-01,10,9,10000,1000.0,0.0,7000.0,8000.0,2025-10-01
CUS_0x80ae_2025_01_01,CUS_0x80ae,2025-01-01,10,9,10000,1000.0,1000.0,0.0,1000.0,2025-10-01
CUS_0x80c7_2024_12_01,CUS_0x80c7,2024-12-01,10,10,10000,1000.0,1000.0,0.0,0.0,2025-10-01
CUS_0x80ec_2024_12_01,CUS_0x80ec,2024-12-01,10,10,10000,1000.0,1000.0,0.0,0.0,2025-10-01
CUS_0x8109_2024_12_01,CUS_0x8109,2024-12-01,10,10,10000,1000.0,0.0,8000.0,8000.0,2025-10-01
CUS_0x810d_2024_12_01,CUS_0x810d,2024-12-01,10,10,10000,1000.0,1000.0,0.0,0.0,2025-10-01
CUS_0x8124_2024_12_01,CUS_0x8124,2024-12-01,10,10,10000,1000.0,1000.0,0.0,0.0,2025-10-01
CUS_0x8140_2025_01_01,CUS_0x8140,2025-01-01,10,9,10000,1000.0,0.0,7000.0,8000.0,2025-10-01
CUS_0x8162_2025_01_01,CUS_0x8162,2025-01-01,10,9,10000,1000.0,1000.0,0.0,1000.0,2025-10-01
CUS_0x81c7_2024_12_01,CUS_0x81c7,2024-12-01,10,10,10000,1000.0,0.0,8000.0,8000.0,2025-10-01
CUS_0x8261_2025_01_01,CUS_0x8261,2025-01-01,10,9,10000,1000.0,1000.0,0.0,1000.0,2025-10-01
CUS_0x8264_2024_12_01,CUS_0x8264,2024-12-01,10,10,10000,1000.0,1000.0,0.0,0.0,2025-10-01
CUS_0x82e5_2024_12_01,CUS_0x82e5,2024-12-01,10,10,10000,1000.0,1000.0,0.0,0.0,2025-10-01
CUS_0x8343_2025_01_01,CUS_0x8343,2025-01-01,10,9,10000,1000.0,1000.0,0.0,1000.0,2025-10-01
CUS_0x8353_2024_12_01,CUS_0x8353,2024-12-01,10,10,10000,1000.0,1000.0,0.0,0.0,2025-10-01
CUS_0x83b5_2024_12_01,CUS_0x83b5,2024-12-01,10,10,10000,1000.0,1000.0,0.0,0.0,2025-10-01
CUS_0x83f_2024_12_01,CUS_0x83f,2024-12-01,10,10,10000,1000.0,1000.0,0.0,0.0,2025-10-01
CUS_0x840f_2024_12_01,CUS_0x840f,2024-12-01,10,10,10000,1000.0,1000.0,0.0,0.0,2025-10-01
CUS_0x8420_2024_12_01,CUS_0x8420,2024-12-01,10,10,10000,1000.0,0.0,8000.0,8000.0,2025-10-01
CUS_0x8489_2024_12_01,CUS_0x8489,2024-12-01,10,10,10000,1000.0,1000.0,0.0,0.0,2025-10-01
CUS_0x851c_2025_01_01,CUS_0x851c,2025-01-01,10,9,10000,1000.0,1000.0,0.0,1000.0,2025-10-01
CUS_0x85d3_2025_01_01,CUS_0x85d3,2025-01-01,10,9,10000,1000.0,1000.0,0.0,1000.0,2025-10-01
CUS_0x8608_2024_12_01,CUS_0x8608,2024-12-01,10,10,10000,1000.0,0.0,7000.0,7000.0,2025-10-01
CUS_0x86b_2024_12_01,CUS_0x86b,2024-12-01,10,10,10000,1000.0,0.0,8000.0,8000.0,2025-10-01
CUS_0x86f6_2024_12_01,CUS_0x86f6,2024-12-01,10,10,10000,1000.0,0.0,7000.0,7000.0,2025-10-01
CUS_0x8706_2024_12_01,CUS_0x8706,2024-12-01,10,10,10000,1000.0,1000.0,0.0,0.0,2025-10-01
CUS_0x871_2025_01_01,CUS_0x871,2025-01-01,10,9,10000,1000.0,1000.0,0.0,1000.0,2025-10-01
CUS_0x8716_2024_12_01,CUS_0x8716,2024-12-01,10,10,10000,1000.0,0.0,8000.0,8000.0,2025-10-01
CUS_0x871c_2025_01_01,CUS_0x871c,2025-01-01,10,9,10000,1000.0,1000.0,0.0,1000.0,2025-10-01
CUS_0x872f_2025_01_01,CUS_0x872f,2025-01-01,10,9,10000,1000.0,1000.0,0.0,1000.0,2025-10-01
CUS_0x8743_2025_01_01,CUS_0x8743,2025-01-01,10,9,10000,1000.0,1000.0,0.0,1000.0,2025-10-01
CUS_0x8750_2025_01_01,CUS_0x8750,2025-01-01,10,9,10000,1000.0,1000.0,0.0,1000.0,2025-10-01
CUS_0x87c2_2024_12_01,CUS_0x87c2,2024-12-01,10,10,10000,1000.0,1000.0,0.0,0.0,2025-10-01
CUS_0x87d4_2025_01_01,CUS_0x87d4,2025-01-01,10,9,10000,1000.0,1000.0,0.0,1000.0,2025-10-01
CUS_0x880_2025_01_01,CUS_0x880,2025-01-01,10,9,10000,1000.0,0.0,7000.0,8000.0,2025-10-01
CUS_0x8800_2024_12_01,CUS_0x8800,2024-12-01,10,10,10000,1000.0,0.0,8000.0,8000.0,2025-10-01
CUS_0x882f_2024_12_01,CUS_0x882f,2024-12-01,10,10,10000,1000.0,1000.0,0.0,0.0,2025-10-01
CUS_0x8831_2025_01_01,CUS_0x8831,2025-01-01,10,9,10000,1000.0,1000.0,0.0,1000.0,2025-10-01
CUS_0x8837_2025_01_01,CUS_0x8837,2025-01-01,10,9,10000,1000.0,1000.0,0.0,1000.0,2025-10-01
CUS_0x8873_2025_01_01,CUS_0x8873,2025-01-01,10,9,10000,1000.0,1000.0,0.0,1000.0,2025-10-01
CUS_0x88b6_2024_12_01,CUS_0x88b6,2024-12-01,10,10,10000,1000.0,1000.0,0.0,0.0,2025-10-01
CUS_0x88cb_2025_01_01,CUS_0x88cb,2025-01-01,10,9,10000,1000.0,0.0,7000.0,8000.0,2025-10-01
CUS_0x88fb_2024_12_01,CUS_0x88fb,2024-12-01,10,10,10000,1000.0,1000.0,0.0,0.0,2025-10-01
CUS_0x8934_2024_12_01,CUS_0x8934,2024-12-01,10,10,10000,1000.0,1000.0,0.0,0.0,2025-10-01
CUS_0x894f_2025_01_01,CUS_0x894f,2025-01-01,10,9,10000,1000.0,0.0,7000.0,8000.0,2025-10-01
CUS_0x8966_2024_12_01,CUS_0x8966,2024-12-01,10,10,10000,1000.0,1000.0,0.0,0.0,2025-10-01
CUS_0x8977_2024_12_01,CUS_0x8977,2024-12-01,10,10,10000,1000.0,0.0,8000.0,8000.0,2025-10-01
CUS_0x89aa_2024_12_01,CUS_0x89aa,2024-12-01,10,10,10000,1000.0,1000.0,0.0,0.0,2025-10-01
CUS_0x89c7_2024_12_01,CUS_0x89c7,2024-12-01,10,10,10000,1000.0,1000.0,0.0,0.0,2025-10-01
CUS_0x8a3_2025_01_01,CUS_0x8a3,2025-01-01,10,9,10000,1000.0,1000.0,0.0,1000.0,2025-10-01
CUS_0x8a50_2024_12_01,CUS_0x8a50,2024-12-01,10,10,10000,1000.0,1000.0,0.0,0.0,2025-10-01
CUS_0x8ac7_2024_12_01,CUS_0x8ac7,2024-12-01,10,10,10000,1000.0,1000.0,0.0,0.0,2025-10-01
CUS_0x8ae9_2024_12_01,CUS_0x8ae9,2024-12-01,10,10,10000,1000.0,1000.0,0.0,0.0,2025-10-01
CUS_0x8aee_2025_01_01,CUS_0x8aee,2025-01-01,10,9,10000,1000.0,1000.0,0.0,1000.0,2025-10-01
CUS_0x8b18_2025_01_01,CUS_0x8b18,2025-01-01,10,9,10000,1000.0,0.0,7000.0,8000.0,2025-10-01
CUS_0x8b31_2024_12_01,CUS_0x8b31,2024-12-01,10,10,10000,1000.0,1000.0,0.0,0.0,2025-10-01
CUS_0x8b38_2025_01_01,CUS_0x8b38,2025-01-01,10,9,10000,1000.0,1000.0,0.0,1000.0,2025-10-01
CUS_0x8b4f_2024_12_01,CUS_0x8b4f,2024-12-01,10,10,10000,1000.0,1000.0,0.0,0.0,2025-10-01
CUS_0x8b5b_2024_12_01,CUS_0x8b5b,2024-12-01,10,10,10000,1000.0,1000.0,0.0,0.0,2025-10-01
CUS_0x8b98_2025_01_01,CUS_0x8b98,2025-01-01,10,9,10000,1000.0,1000.0,0.0,1000.0,2025-10-01
CUS_0x8ba7_2024_12_01,CUS_0x8ba7,2024-12-01,10,10,10000,1000.0,1000.0,0.0,0.0,2025-10-01
CUS_0x8bcd_2024_12_01,CUS_0x8bcd,2024-12-01,10,10,10000,1000.0,0.0,8000.0,8000.0,2025-10-01
CUS_0x8c13_2024_12_01,CUS_0x8c13,2024-12-01,10,10,10000,1000.0,1000.0,0.0,0.0,2025-10-01
CUS_0x8c39_2025_01_01,CUS_0x8c39,2025-01-01,10,9,10000,1000.0,0.0,7000.0,8000.0,2025-10-01
CUS_0x8c44_2024_12_01,CUS_0x8c44,2024-12-01,10,10,10000,1000.0,1000.0,0.0,0.0,2025-10-01
CUS_0x8c51_2024_12_01,CUS_0x8c51,2024-12-01,10,10,10000,1000.0,1000.0,0.0,0.0,2025-10-01
CUS_0x8d3_2025_01_01,CUS_0x8d3,2025-01-01,10,9,10000,1000.0,1000.0,0.0,1000.0,2025-10-01
CUS_0x8d69_2025_01_01,CUS_0x8d69,2025-01-01,10,9,10000,1000.0,1000.0,0.0,1000.0,2025-10-01
CUS_0x8d7_2024_12_01,CUS_0x8d7,2024-12-01,10,10,10000,1000.0,1000.0,0.0,0.0,2025-10-01
CUS_0x8d72_2025_01_01,CUS_0x8d72,2025-01-01,10,9,10000,1000.0,1000.0,0.0,1000.0,2025-10-01
CUS_0x8d77_2024_12_01,CUS_0x8d77,2024-12-01,10,10,10000,1000.0,1000.0,0.0,0.0,2025-10-01
CUS_0x8d9d_2025_01_01,CUS_0x8d9d,2025-01-01,10,9,10000,1000.0,1000.0,0.0,1000.0,2025-10-01
CUS_0x8ddb_2024_12_01,CUS_0x8ddb,2024-12-01,10,10,10000,1000.0,0.0,9000.0,9000.0,2025-10-01
CUS_0x8e01_2025_01_01,CUS_0x8e01,2025-01-01,10,9,10000,1000.0,1000.0,0.0,1000.0,2025-10-01
CUS_0x8e89_2025_01_01,CUS_0x8e89,2025-01-01,10,9,10000,1000.0,1000.0,0.0,1000.0,2025-10-01
CUS_0x8e8a_2024_12_01,CUS_0x8e8a,2024-12-01,10,10,10000,1000.0,1000.0,0.0,0.0,2025-10-01
CUS_0x8e9c_2024_12_01,CUS_0x8e9c,2024-12-01,10,10,10000,1000.0,1000.0,0.0,0.0,2025-10-01
CUS_0x8eac_2025_01_01,CUS_0x8eac,2025-01-01,10,9,10000,1000.0,0.0,5000.0,6000.0,2025-10-01
CUS_0x8ee2_2025_01_01,CUS_0x8ee2,2025-01-01,10,9,10000,1000.0,1000.0,0.0,1000.0,2025-10-01
CUS_0x8f3_2025_01_01,CUS_0x8f3,2025-01-01,10,9,10000,1000.0,1000.0,0.0,1000.0,2025-10-01
CUS_0x8f35_2025_01_01,CUS_0x8f35,2025-01-01,10,9,10000,1000.0,1000.0,0.0,1000.0,2025-10-01
CUS_0x8f37_2024_12_01,CUS_0x8f37,2024-12-01,10,10,10000,1000.0,1000.0,0.0,0.0,2025-10-01
CUS_0x8f3f_2024_12_01,CUS_0x8f3f,2024-12-01,10,10,10000,1000.0,0.0,8000.0,8000.0,2025-10-01
CUS_0x8f58_2025_01_01,CUS_0x8f58,2025-01-01,10,9,10000,1000.0,1000.0,0.0,1000.0,2025-10-01
CUS_0x8f69_2025_01_01,CUS_0x8f69,2025-01-01,10,9,10000,1000.0,0.0,8000.0,9000.0,2025-10-01
CUS_0x8f74_2024_12_01,CUS_0x8f74,2024-12-01,10,10,10000,1000.0,1000.0,0.0,0.0,2025-10-01
CUS_0x8fec_2024_12_01,CUS_0x8fec,2024-12-01,10,10,10000,1000.0,1000.0,0.0,0.0,2025-10-01
CUS_0x9015_2024_12_01,CUS_0x9015,2024-12-01,10,10,10000,1000.0,1000.0,0.0,0.0,2025-10-01
CUS_0x902e_2024_12_01,CUS_0x902e,2024-12-01,10,10,10000,1000.0,1000.0,0.0,0.0,2025-10-01
CUS_0x903e_2024_12_01,CUS_0x903e,2024-12-01,10,10,10000,1000.0,1000.0,0.0,0.0,2025-10-01
CUS_0x906c_2025_01_01,CUS_0x906c,2025-01-01,10,9,10000,1000.0,1000.0,0.0,1000.0,2025-10-01
CUS_0x9070_2025_01_01,CUS_0x9070,2025-01-01,10,9,10000,1000.0,1000.0,0.0,1000.0,2025-10-01
CUS_0x9093_2024_12_01,CUS_0x9093,2024-12-01,10,10,10000,1000.0,1000.0,0.0,0.0,2025-10-01
CUS_0x90d2_2024_12_01,CUS_0x90d2,2024-12-01,10,10,10000,1000.0,1000.0,0.0,0.0,2025-10-01
CUS_0x90fa_2024_12_01,CUS_0x90fa,2024-12-01,10,10,10000,1000.0,1000.0,0.0,0.0,2025-10-01
CUS_0x9103_2025_01_01,CUS_0x9103,2025-01-01,10,9,10000,1000.0,1000.0,0.0,1000.0,2025-10-01
CUS_0x911e_2025_01_01,CUS_0x911e,2025-01-01,10,9,10000,1000.0,1000.0,0.0,1000.0,2025-10-01
CUS_0x9148_2025_01_01,CUS_0x9148,2025-01-01,10,9,10000,1000.0,1000.0,0.0,1000.0,2025-10-01
CUS_0x91b2_2025_01_01,CUS_0x91b2,2025-01-01,10,9,10000,1000.0,1000.0,0.0,1000.0,2025-10-01
CUS_0x91f_2024_12_01,CUS_0x91f,2024-12-01,10,10,10000,1000.0,1000.0,0.0,0.0,2025-10-01
CUS_0x922e_2024_12_01,CUS_0x922e,2024-12-01,10,10,10000,1000.0,1000.0,0.0,0.0,2025-10-01
CUS_0x9244_2024_12_01,CUS_0x9244,2024-12-01,10,10,10000,1000.0,0.0,7000.0,7000.0,2025-10-01
CUS_0x925_2025_01_01,CUS_0x925,2025-01-01,10,9,10000,1000.0,1000.0,0.0,1000.0,2025-10-01
CUS_0x9251_2024_12_01,CUS_0x9251,2024-12-01,10,10,10000,1000.0,0.0,8000.0,8000.0,2025-10-01
CUS_0x926f_2024_12_01,CUS_0x926f,2024-12-01,10,10,10000,1000.0,1000.0,0.0,0.0,2025-10-01
CUS_0x92c8_2025_01_01,CUS_0x92c8,2025-01-01,10,9,10000,1000.0,1000.0,0.0,1000.0,2025-10-01
CUS_0x92e5_2024_12_01,CUS_0x92e5,2024-12-01,10,10,10000,1000.0,1000.0,0.0,0.0,2025-10-01
CUS_0x935b_2024_12_01,CUS_0x935b,2024-12-01,10,10,10000,1000.0,1000.0,0.0,0.0,2025-10-01
CUS_0x936d_2024_12_01,CUS_0x936d,2024-12-01,10,10,10000,1000.0,1000.0,0.0,0.0,2025-10-01
CUS_0x93a5_2025_01_01,CUS_0x93a5,2025-01-01,10,9,10000,1000.0,1000.0,0.0,1000.0,2025-10-01
CUS_0x93a7_2025_01_01,CUS_0x93a7,2025-01-01,10,9,10000,1000.0,1000.0,0.0,1000.0,2025-10-01
CUS_0x93f_2025_01_01,CUS_0x93f,2025-01-01,10,9,10000,1000.0,1000.0,0.0,1000.0,2025-10-01
CUS_0x9416_2025_01_01,CUS_0x9416,2025-01-01,10,9,10000,1000.0,0.0,6000.0,7000.0,2025-10-01
CUS_0x949f_2025_01_01,CUS_0x949f,2025-01-01,10,9,10000,1000.0,0.0,7000.0,8000.0,2025-10-01
CUS_0x94e9_2024_12_01,CUS_0x94e9,2024-12-01,10,10,10000,1000.0,0.0,7000.0,7000.0,2025-10-01
CUS_0x94ea_2025_01_01,CUS_0x94ea,2025-01-01,10,9,10000,1000.0,0.0,5000.0,6000.0,2025-10-01
CUS_0x950_2024_12_01,CUS_0x950,2024-12-01,10,10,10000,1000.0,1000.0,0.0,0.0,2025-10-01
CUS_0x9513_2025_01_01,CUS_0x9513,2025-01-01,10,9,10000,1000.0,1000.0,0.0,1000.0,2025-10-01
CUS_0x9562_2024_12_01,CUS_0x9562,2024-12-01,10,10,10000,1000.0,1000.0,0.0,0.0,2025-10-01
CUS_0x9584_2024_12_01,CUS_0x9584,2024-12-01,10,10,10000,1000.0,0.0,7000.0,7000.0,2025-10-01
CUS_0x95ca_2025_01_01,CUS_0x95ca,2025-01-01,10,9,10000,1000.0,1000.0,0.0,1000.0,2025-10-01
CUS_0x9616_2025_01_01,CUS_0x9616,2025-01-01,10,9,10000,1000.0,1000.0,0.0,1000.0,2025-10-01
CUS_0x961e_2025_01_01,CUS_0x961e,2025-01-01,10,9,10000,1000.0,1000.0,0.0,1000.0,2025-10-01
CUS_0x961f_2024_12_01,CUS_0x961f,2024-12-01,10,10,10000,1000.0,1000.0,0.0,0.0,2025-10-01
CUS_0x962b_2024_12_01,CUS_0x962b,2024-12-01,10,10,10000,1000.0,1000.0,0.0,0.0,2025-10-01
CUS_0x9641_2024_12_01,CUS_0x9641,2024-12-01,10,10,10000,1000.0,1000.0,0.0,0.0,2025-10-01
CUS_0x966b_2025_01_01,CUS_0x966b,2025-01-01,10,9,10000,1000.0,1000.0,0.0,1000.0,2025-10-01
CUS_0x976a_2025_01_01,CUS_0x976a,2025-01-01,10,9,10000,1000.0,1000.0,0.0,1000.0,2025-10-01
CUS_0x97e3_2024_12_01,CUS_0x97e3,2024-12-01,10,10,10000,1000.0,1000.0,0.0,0.0,2025-10-01
CUS_0x97f7_2024_12_01,CUS_0x97f7,2024-12-01,10,10,10000,1000.0,1000.0,0.0,0.0,2025-10-01
CUS_0x986c_2024_12_01,CUS_0x986c,2024-12-01,10,10,10000,1000.0,1000.0,0.0,0.0,2025-10-01
CUS_0x9885_2024_12_01,CUS_0x9885,2024-12-01,10,10,10000,1000.0,1000.0,0.0,0.0,2025-10-01
CUS_0x98a8_2024_12_01,CUS_0x98a8,2024-12-01,10,10,10000,1000.0,1000.0,0.0,0.0,2025-10-01
CUS_0x99cc_2025_01_01,CUS_0x99cc,2025-01-01,10,9,10000,1000.0,1000.0,0.0,1000.0,2025-10-01
CUS_0x9a14_2025_01_01,CUS_0x9a14,2025-01-01,10,9,10000,1000.0,0.0,6000.0,7000.0,2025-10-01
CUS_0x9a29_2024_12_01,CUS_0x9a29,2024-12-01,10,10,10000,1000.0,0.0,8000.0,8000.0,2025-10-01
CUS_0x9a86_2024_12_01,CUS_0x9a86,2024-12-01,10,10,10000,1000.0,0.0,9000.0,9000.0,2025-10-01
CUS_0x9a8b_2024_12_01,CUS_0x9a8b,2024-12-01,10,10,10000,1000.0,1000.0,0.0,0.0,2025-10-01
CUS_0x9ab4_2025_01_01,CUS_0x9ab4,2025-01-01,10,9,10000,1000.0,1000.0,0.0,1000.0,2025-10-01
CUS_0x9acb_2025_01_01,CUS_0x9acb,2025-01-01,10,9,10000,1000.0,1000.0,0.0,1000.0,2025-10-01
CUS_0x9ae4_2024_12_01,CUS_0x9ae4,2024-12-01,10,10,10000,1000.0,1000.0,0.0,0.0,2025-10-01
CUS_0x9aeb_2024_12_01,CUS_0x9aeb,2024-12-01,10,10,10000,1000.0,1000.0,0.0,0.0,2025-10-01
CUS_0x9b0e_2024_12_01,CUS_0x9b0e,2024-12-01,10,10,10000,1000.0,1000.0,0.0,0.0,2025-10-01
CUS_0x9b22_2024_12_01,CUS_0x9b22,2024-12-01,10,10,10000,1000.0,1000.0,0.0,0.0,2025-10-01
CUS_0x9b37_2024_12_01,CUS_0x9b37,2024-12-01,10,10,10000,1000.0,1000.0,0.0,0.0,2025-10-01
CUS_0x9b8b_2024_12_01,CUS_0x9b8b,2024-12-01,10,10,10000,1000.0,1000.0,0.0,0.0,2025-10-01
CUS_0x9be7_2024_12_01,CUS_0x9be7,2024-12-01,10,10,10000,1000.0,1000.0,0.0,0.0,2025-10-01
CUS_0x9c24_2025_01_01,CUS_0x9c24,2025-01-01,10,9,10000,1000.0,1000.0,0.0,1000.0,2025-10-01
CUS_0x9cf7_2024_12_01,CUS_0x9cf7,2024-12-01,10,10,10000,1000.0,1000.0,0.0,0.0,2025-10-01
CUS_0x9d0d_2025_01_01,CUS_0x9d0d,2025-01-01,10,9,10000,1000.0,1000.0,0.0,1000.0,2025-10-01
CUS_0x9d64_2025_01_01,CUS_0x9d64,2025-01-01,10,9,10000,1000.0,1000.0,0.0,1000.0,2025-10-01
CUS_0x9e45_2025_01_01,CUS_0x9e45,2025-01-01,10,9,10000,1000.0,1000.0,0.0,1000.0,2025-10-01
CUS_0x9e4d_2025_01_01,CUS_0x9e4d,2025-01-01,10,9,10000,1000.0,1000.0,0.0,1000.0,2025-10-01
CUS_0x9ea_2024_12_01,CUS_0x9ea,2024-12-01,10,10,10000,1000.0,1000.0,0.0,0.0,2025-10-01
CUS_0x9ead_2024_12_01,CUS_0x9ead,2024-12-01,10,10,10000,1000.0,0.0,9000.0,9000.0,2025-10-01
CUS_0x9ed5_2025_01_01,CUS_0x9ed5,2025-01-01,10,9,10000,1000.0,0.0,8000.0,9000.0,2025-10-01
CUS_0x9ef9_2024_12_01,CUS_0x9ef9,2024-12-01,10,10,10000,1000.0,1000.0,0.0,0.0,2025-10-01
CUS_0x9f08_2025_01_01,CUS_0x9f08,2025-01-01,10,9,10000,1000.0,1000.0,0.0,1000.0,2025-10-01
CUS_0x9f20_2025_01_01,CUS_0x9f20,2025-01-01,10,9,10000,1000.0,1000.0,0.0,1000.0,2025-10-01
CUS_0x9f67_2025_01_01,CUS_0x9f67,2025-01-01,10,9,10000,1000.0,1000.0,0.0,1000.0,2025-10-01
CUS_0x9f69_2024_12_01,CUS_0x9f69,2024-12-01,10,10,10000,1000.0,1000.0,0.0,0.0,2025-10-01
CUS_0x9f6c_2025_01_01,CUS_0x9f6c,2025-01-01,10,9,10000,1000.0,0.0,7000.0,8000.0,2025-10-01
CUS_0x9fdc_2024_12_01,CUS_0x9fdc,2024-12-01,10,10,10000,1000.0,1000.0,0.0,0.0,2025-10-01
CUS_0x9fff_2024_12_01,CUS_0x9fff,2024-12-01,10,10,10000,1000.0,1000.0,0.0,0.0,2025-10-01
CUS_0xa01_2025_01_01,CUS_0xa01,2025-01-01,10,9,10000,1000.0,1000.0,0.0,1000.0,2025-10-01
CUS_0xa03e_2025_01_01,CUS_0xa03e,2025-01-01,10,9,10000,1000.0,0.0,7000.0,8000.0,2025-10-01
CUS_0xa05_2025_01_01,CUS_0xa05,2025-01-01,10,9,10000,1000.0,1000.0,0.0,1000.0,2025-10-01
CUS_0xa110_2025_01_01,CUS_0xa110,2025-01-01,10,9,10000,1000.0,1000.0,0.0,1000.0,2025-10-01
CUS_0xa122_2025_01_01,CUS_0xa122,2025-01-01,10,9,10000,1000.0,1000.0,0.0,1000.0,2025-10-01
CUS_0xa166_2024_12_01,CUS_0xa166,2024-12-01,10,10,10000,1000.0,1000.0,0.0,0.0,2025-10-01
CUS_0xa1f6_2025_01_01,CUS_0xa1f6,2025-01-01,10,9,10000,1000.0,1000.0,0.0,1000.0,2025-10-01
CUS_0xa20f_2025_01_01,CUS_0xa20f,2025-01-01,10,9,10000,1000.0,1000.0,0.0,1000.0,2025-10-01
CUS_0xa234_2025_01_01,CUS_0xa234,2025-01-01,10,9,10000,1000.0,1000.0,0.0,1000.0,2025-10-01
CUS_0xa262_2024_12_01,CUS_0xa262,2024-12-01,10,10,10000,1000.0,1000.0,0.0,0.0,2025-10-01
CUS_0xa26b_2025_01_01,CUS_0xa26b,2025-01-01,10,9,10000,1000.0,0.0,6000.0,7000.0,2025-10-01
CUS_0xa27d_2024_12_01,CUS_0xa27d,2024-12-01,10,10,10000,1000.0,0.0,9000.0,9000.0,2025-10-01
CUS_0xa283_2025_01_01,CUS_0xa283,2025-01-01,10,9,10000,1000.0,1000.0,0.0,1000.0,2025-10-01
CUS_0xa295_2025_01_01,CUS_0xa295,2025-01-01,10,9,10000,1000.0,1000.0,0.0,1000.0,2025-10-01
CUS_0xa2b0_2025_01_01,CUS_0xa2b0,2025-01-01,10,9,10000,1000.0,1000.0,0.0,1000.0,2025-10-01
CUS_0xa2c1_2025_01_01,CUS_0xa2c1,2025-01-01,10,9,10000,1000.0,1000.0,0.0,1000.0,2025-10-01
CUS_0xa2db_2024_12_01,CUS_0xa2db,2024-12-01,10,10,10000,1000.0,1000.0,0.0,0.0,2025-10-01
CUS_0xa2dd_2024_12_01,CUS_0xa2dd,2024-12-01,10,10,10000,1000.0,0.0,7000.0,7000.0,2025-10-01
CUS_0xa2f7_2025_01_01,CUS_0xa2f7,2025-01-01,10,9,10000,1000.0,0.0,5000.0,6000.0,2025-10-01
CUS_0xa2f9_2025_01_01,CUS_0xa2f9,2025-01-01,10,9,10000,1000.0,1000.0,0.0,1000.0,2025-10-01
CUS_0xa319_2024_12_01,CUS_0xa319,2024-12-01,10,10,10000,1000.0,1000.0,0.0,0.0,2025-10-01
CUS_0xa3b4_2024_12_01,CUS_0xa3b4,2024-12-01,10,10,10000,1000.0,1000.0,0.0,0.0,2025-10-01
CUS_0xa3ba_2024_12_01,CUS_0xa3ba,2024-12-01,10,10,10000,1000.0,0.0,9000.0,9000.0,2025-10-01
CUS_0xa3fa_2025_01_01,CUS_0xa3fa,2025-01-01,10,9,10000,1000.0,1000.0,0.0,1000.0,2025-10-01
CUS_0xa407_2025_01_01,CUS_0xa407,2025-01-01,10,9,10000,1000.0,1000.0,0.0,1000.0,2025-10-01
CUS_0xa40e_2025_01_01,CUS_0xa40e,2025-01-01,10,9,10000,1000.0,1000.0,0.0,1000.0,2025-10-01
CUS_0xa420_2025_01_01,CUS_0xa420,2025-01-01,10,9,10000,1000.0,1000.0,0.0,1000.0,2025-10-01
CUS_0xa446_2024_12_01,CUS_0xa446,2024-12-01,10,10,10000,1000.0,0.0,7000.0,7000.0,2025-10-01
CUS_0xa46c_2025_01_01,CUS_0xa46c,2025-01-01,10,9,10000,1000.0,1000.0,0.0,1000.0,2025-10-01
CUS_0xa46e_2025_01_01,CUS_0xa46e,2025-01-01,10,9,10000,1000.0,0.0,7000.0,8000.0,2025-10-01
CUS_0xa47e_2025_01_01,CUS_0xa47e,2025-01-01,10,9,10000,1000.0,0.0,5000.0,6000.0,2025-10-01
CUS_0xa495_2025_01_01,CUS_0xa495,2025-01-01,10,9,10000,1000.0,1000.0,0.0,1000.0,2025-10-01
CUS_0xa4ab_2024_12_01,CUS_0xa4ab,2024-12-01,10,10,10000,1000.0,1000.0,0.0,0.0,2025-10-01
CUS_0xa4c3_2024_12_01,CUS_0xa4c3,2024-12-01,10,10,10000,1000.0,0.0,8000.0,8000.0,2025-10-01
CUS_0xa4d9_2024_12_01,CUS_0xa4d9,2024-12-01,10,10,10000,1000.0,1000.0,0.0,0.0,2025-10-01
CUS_0xa4ee_2025_01_01,CUS_0xa4ee,2025-01-01,10,9,10000,1000.0,0.0,5000.0,6000.0,2025-10-01
CUS_0xa522_2024_12_01,CUS_0xa522,2024-12-01,10,10,10000,1000.0,1000.0,0.0,0.0,2025-10-01
CUS_0xa57_2025_01_01,CUS_0xa57,2025-01-01,10,9,10000,1000.0,1000.0,0.0,1000.0,2025-10-01
CUS_0xa5a4_2025_01_01,CUS_0xa5a4,2025-01-01,10,9,10000,1000.0,1000.0,0.0,1000.0,2025-10-01
CUS_0xa5f4_2025_01_01,CUS_0xa5f4,2025-01-01,10,9,10000,1000.0,1000.0,0.0,1000.0,2025-10-01
CUS_0xa607_2024_12_01,CUS_0xa607,2024-12-01,10,10,10000,1000.0,1000.0,0.0,0.0,2025-10-01
CUS_0xa614_2025_01_01,CUS_0xa614,2025-01-01,10,9,10000,1000.0,1000.0,0.0,1000.0,2025-10-01
CUS_0xa6bd_2025_01_01,CUS_0xa6bd,2025-01-01,10,9,10000,1000.0,1000.0,0.0,1000.0,2025-10-01
CUS_0xa774_2025_01_01,CUS_0xa774,2025-01-01,10,9,10000,1000.0,1000.0,0.0,1000.0,2025-10-01
CUS_0xa776_2024_12_01,CUS_0xa776,2024-12-01,10,10,10000,1000.0,0.0,8000.0,8000.0,2025-10-01
CUS_0xa78b_2025_01_01,CUS_0xa78b,2025-01-01,10,9,10000,1000.0,1000.0,0.0,1000.0,2025-10-01
CUS_0xa791_2025_01_01,CUS_0xa791,2025-01-01,10,9,10000,1000.0,1000.0,0.0,1000.0,2025-10-01
CUS_0xa79e_2024_12_01,CUS_0xa79e,2024-12-01,10,10,10000,1000.0,1000.0,0.0,0.0,2025-10-01
CUS_0xa7cc_2025_01_01,CUS_0xa7cc,2025-01-01,10,9,10000,1000.0,1000.0,0.0,1000.0,2025-10-01
CUS_0xa7db_2024_12_01,CUS_0xa7db,2024-12-01,10,10,10000,1000.0,1000.0,0.0,0.0,2025-10-01
CUS_0xa848_2024_12_01,CUS_0xa848,2024-12-01,10,10,10000,1000.0,1000.0,0.0,0.0,2025-10-01
CUS_0xa8b9_2024_12_01,CUS_0xa8b9,2024-12-01,10,10,10000,1000.0,0.0,7000.0,7000.0,2025-10-01
CUS_0xa8d7_2025_01_01,CUS_0xa8d7,2025-01-01,10,9,10000,1000.0,0.0,7000.0,8000.0,2025-10-01
CUS_0xa8e2_2025_01_01,CUS_0xa8e2,2025-01-01,10,9,10000,1000.0,1000.0,0.0,1000.0,2025-10-01
CUS_0xa936_2024_12_01,CUS_0xa936,2024-12-01,10,10,10000,1000.0,1000.0,0.0,0.0,2025-10-01
CUS_0xa955_2025_01_01,CUS_0xa955,2025-01-01,10,9,10000,1000.0,1000.0,0.0,1000.0,2025-10-01
CUS_0xa969_2024_12_01,CUS_0xa969,2024-12-01,10,10,10000,1000.0,1000.0,0.0,0.0,2025-10-01
CUS_0xa974_2024_12_01,CUS_0xa974,2024-12-01,10,10,10000,1000.0,1000.0,0.0,0.0,2025-10-01
CUS_0xa9a6_2025_01_01,CUS_0xa9a6,2025-01-01,10,9,10000,1000.0,1000.0,0.0,1000.0,2025-10-01
CUS_0xa9a9_2024_12_01,CUS_0xa9a9,2024-12-01,10,10,10000,1000.0,1000.0,0.0,0.0,2025-10-01
CUS_0xa9fc_2025_01_01,CUS_0xa9fc,2025-01-01,10,9,10000,1000.0,1000.0,0.0,1000.0,2025-10-01
CUS_0xaa29_2025_01_01,CUS_0xaa29,2025-01-01,10,9,10000,1000.0,1000.0,0.0,1000.0,2025-10-01
CUS_0xaa35_2025_01_01,CUS_0xaa35,2025-01-01,10,9,10000,1000.0,1000.0,0.0,1000.0,2025-10-01
CUS_0xaa39_2024_12_01,CUS_0xaa39,2024-12-01,10,10,10000,1000.0,1000.0,0.0,0.0,2025-10-01
CUS_0xaa53_2025_01_01,CUS_0xaa53,2025-01-01,10,9,10000,1000.0,1000.0,0.0,1000.0,2025-10-01
CUS_0xaa6e_2024_12_01,CUS_0xaa6e,2024-12-01,10,10,10000,1000.0,1000.0,0.0,0.0,2025-10-01
CUS_0xaad7_2025_01_01,CUS_0xaad7,2025-01-01,10,9,10000,1000.0,1000.0,0.0,1000.0,2025-10-01
CUS_0xaadb_2024_12_01,CUS_0xaadb,2024-12-01,10,10,10000,1000.0,1000.0,0.0,0.0,2025-10-01
CUS_0xab00_2024_12_01,CUS_0xab00,2024-12-01,10,10,10000,1000.0,0.0,8000.0,8000.0,2025-10-01
CUS_0xab18_2025_01_01,CUS_0xab18,2025-01-01,10,9,10000,1000.0,1000.0,0.0,1000.0,2025-10-01
CUS_0xab78_2024_12_01,CUS_0xab78,2024-12-01,10,10,10000,1000.0,1000.0,0.0,0.0,2025-10-01
CUS_0xab7b_2025_01_01,CUS_0xab7b,2025-01-01,10,9,10000,1000.0,1000.0,0.0,1000.0,2025-10-01
CUS_0xabcf_2025_01_01,CUS_0xabcf,2025-01-01,10,9,10000,1000.0,0.0,7000.0,8000.0,2025-10-01
CUS_0xabe7_2025_01_01,CUS_0xabe7,2025-01-01,10,9,10000,1000.0,1000.0,0.0,1000.0,2025-10-01
CUS_0xabf0_2024_12_01,CUS_0xabf0,2024-12-01,10,10,10000,1000.0,0.0,8000.0,8000.0,2025-10-01
CUS_0xac15_2025_01_01,CUS_0xac15,2025-01-01,10,9,10000,1000.0,1000.0,0.0,1000.0,2025-10-01
CUS_0xac29_2024_12_01,CUS_0xac29,2024-12-01,10,10,10000,1000.0,0.0,6000.0,6000.0,2025-10-01
CUS_0xac31_2025_01_01,CUS_0xac31,2025-01-01,10,9,10000,1000.0,1000.0,0.0,1000.0,2025-10-01
CUS_0xac4f_2024_12_01,CUS_0xac4f,2024-12-01,10,10,10000,1000.0,1000.0,0.0,0.0,2025-10-01
CUS_0xac5f_2024_12_01,CUS_0xac5f,2024-12-01,10,10,10000,1000.0,1000.0,0.0,0.0,2025-10-01
CUS_0xac83_2025_01_01,CUS_0xac83,2025-01-01,10,9,10000,1000.0,0.0,6000.0,7000.0,2025-10-01
CUS_0xaccf_2024_12_01,CUS_0xaccf,2024-12-01,10,10,10000,1000.0,1000.0,0.0,0.0,2025-10-01
CUS_0xace3_2024_12_01,CUS_0xace3,2024-12-01,10,10,10000,1000.0,1000.0,0.0,0.0,2025-10-01
CUS_0xad44_2025_01_01,CUS_0xad44,2025-01-01,10,9,10000,1000.0,1000.0,0.0,1000.0,2025-10-01
CUS_0xad46_2024_12_01,CUS_0xad46,2024-12-01,10,10,10000,1000.0,1000.0,0.0,0.0,2025-10-01
CUS_0xad53_2025_01_01,CUS_0xad53,2025-01-01,10,9,10000,1000.0,1000.0,0.0,1000.0,2025-10-01
CUS_0xadbd_2024_12_01,CUS_0xadbd,2024-12-01,10,10,10000,1000.0,1000.0,0.0,0.0,2025-10-01
CUS_0xadc4_2024_12_01,CUS_0xadc4,2024-12-01,10,10,10000,1000.0,1000.0,0.0,0.0,2025-10-01
CUS_0xade0_2025_01_01,CUS_0xade0,2025-01-01,10,9,10000,1000.0,1000.0,0.0,1000.0,2025-10-01
CUS_0xae8_2025_01_01,CUS_0xae8,2025-01-01,10,9,10000,1000.0,0.0,5000.0,6000.0,2025-10-01
CUS_0xae89_2024_12_01,CUS_0xae89,2024-12-01,10,10,10000,1000.0,1000.0,0.0,0.0,2025-10-01
CUS_0xaf5f_2024_12_01,CUS_0xaf5f,2024-12-01,10,10,10000,1000.0,1000.0,0.0,0.0,2025-10-01
CUS_0xaf8f_2025_01_01,CUS_0xaf8f,2025-01-01,10,9,10000,1000.0,1000.0,0.0,1000.0,2025-10-01
CUS_0xafc4_2025_01_01,CUS_0xafc4,2025-01-01,10,9,10000,1000.0,1000.0,0.0,1000.0,2025-10-01
CUS_0xafdf_2025_01_01,CUS_0xafdf,2025-01-01,10,9,10000,1000.0,1000.0,0.0,1000.0,2025-10-01
CUS_0xb00e_2025_01_01,CUS_0xb00e,2025-01-01,10,9,10000,1000.0,1000.0,0.0,1000.0,2025-10-01
CUS_0xb047_2024_12_01,CUS_0xb047,2024-12-01,10,10,10000,1000.0,1000.0,0.0,0.0,2025-10-01
CUS_0xb05d_2024_12_01,CUS_0xb05d,2024-12-01,10,10,10000,1000.0,1000.0,0.0,0.0,2025-10-01
CUS_0xb0a5_2025_01_01,CUS_0xb0a5,2025-01-01,10,9,10000,1000.0,1000.0,0.0,1000.0,2025-10-01
CUS_0xb0d3_2024_12_01,CUS_0xb0d3,2024-12-01,10,10,10000,1000.0,1000.0,0.0,0.0,2025-10-01
CUS_0xb11c_2024_12_01,CUS_0xb11c,2024-12-01,10,10,10000,1000.0,0.0,9000.0,9000.0,2025-10-01
CUS_0xb11e_2025_01_01,CUS_0xb11e,2025-01-01,10,9,10000,1000.0,1000.0,0.0,1000.0,2025-10-01
CUS_0xb13c_2025_01_01,CUS_0xb13c,2025-01-01,10,9,10000,1000.0,1000.0,0.0,1000.0,2025-10-01
CUS_0xb163_2025_01_01,CUS_0xb163,2025-01-01,10,9,10000,1000.0,1000.0,0.0,1000.0,2025-10-01
CUS_0xb167_2024_12_01,CUS_0xb167,2024-12-01,10,10,10000,1000.0,1000.0,0.0,0.0,2025-10-01
CUS_0xb1aa_2025_01_01,CUS_0xb1aa,2025-01-01,10,9,10000,1000.0,1000.0,0.0,1000.0,2025-10-01
CUS_0xb1d2_2024_12_01,CUS_0xb1d2,2024-12-01,10,10,10000,1000.0,1000.0,0.0,0.0,2025-10-01
CUS_0xb2c_2025_01_01,CUS_0xb2c,2025-01-01,10,9,10000,1000.0,0.0,6000.0,7000.0,2025-10-01
CUS_0xb2f6_2024_12_01,CUS_0xb2f6,2024-12-01,10,10,10000,1000.0,0.0,6000.0,6000.0,2025-10-01
CUS_0xb328_2024_12_01,CUS_0xb328,2024-12-01,10,10,10000,1000.0,1000.0,0.0,0.0,2025-10-01
CUS_0xb363_2024_12_01,CUS_0xb363,2024-12-01,10,10,10000,1000.0,0.0,7000.0,7000.0,2025-10-01
CUS_0xb387_2025_01_01,CUS_0xb387,2025-01-01,10,9,10000,1000.0,1000.0,0.0,1000.0,2025-10-01
CUS_0xb3b4_2025_01_01,CUS_0xb3b4,2025-01-01,10,9,10000,1000.0,1000.0,0.0,1000.0,2025-10-01
CUS_0xb3d7_2025_01_01,CUS_0xb3d7,2025-01-01,10,9,10000,1000.0,1000.0,0.0,1000.0,2025-10-01
CUS_0xb413_2025_01_01,CUS_0xb413,2025-01-01,10,9,10000,1000.0,1000.0,0.0,1000.0,2025-10-01
CUS_0xb457_2024_12_01,CUS_0xb457,2024-12-01,10,10,10000,1000.0,1000.0,0.0,0.0,2025-10-01
CUS_0xb458_2025_01_01,CUS_0xb458,2025-01-01,10,9,10000,1000.0,1000.0,0.0,1000.0,2025-10-01
CUS_0xb45a_2024_12_01,CUS_0xb45a,2024-12-01,10,10,10000,1000.0,1000.0,0.0,0.0,2025-10-01
CUS_0xb486_2025_01_01,CUS_0xb486,2025-01-01,10,9,10000,1000.0,1000.0,0.0,1000.0,2025-10-01
CUS_0xb48f_2024_12_01,CUS_0xb48f,2024-12-01,10,10,10000,1000.0,1000.0,0.0,0.0,2025-10-01
CUS_0xb4b3_2024_12_01,CUS_0xb4b3,2024-12-01,10,10,10000,1000.0,1000.0,0.0,0.0,2025-10-01
CUS_0xb4c3_2025_01_01,CUS_0xb4c3,2025-01-01,10,9,10000,1000.0,0.0,6000.0,7000.0,2025-10-01
CUS_0xb4cb_2024_12_01,CUS_0xb4cb,2024-12-01,10,10,10000,1000.0,1000.0,0.0,0.0,2025-10-01
CUS_0xb4cc_2024_12_01,CUS_0xb4cc,2024-12-01,10,10,10000,1000.0,1000.0,0.0,0.0,2025-10-01
CUS_0xb54e_2025_01_01,CUS_0xb54e,2025-01-01,10,9,10000,1000.0,1000.0,0.0,1000.0,2025-10-01
CUS_0xb560_2024_12_01,CUS_0xb560,2024-12-01,10,10,10000,1000.0,1000.0,0.0,0.0,2025-10-01
CUS_0xb602_2025_01_01,CUS_0xb602,2025-01-01,10,9,10000,1000.0,1000.0,0.0,1000.0,2025-10-01
CUS_0xb61c_2025_01_01,CUS_0xb61c,2025-01-01,10,9,10000,1000.0,1000.0,0.0,1000.0,2025-10-01
CUS_0xb626_2024_12_01,CUS_0xb626,2024-12-01,10,10,10000,1000.0,0.0,10000.0,10000.0,2025-10-01
CUS_0xb647_2025_01_01,CUS_0xb647,2025-01-01,10,9,10000,1000.0,1000.0,0.0,1000.0,2025-10-01
CUS_0xb660_2025_01_01,CUS_0xb660,2025-01-01,10,9,10000,1000.0,1000.0,0.0,1000.0,2025-10-01
CUS_0xb68_2025_01_01,CUS_0xb68,2025-01-01,10,9,10000,1000.0,1000.0,0.0,1000.0,2025-10-01
CUS_0xb6bb_2025_01_01,CUS_0xb6bb,2025-01-01,10,9,10000,1000.0,0.0,7000.0,8000.0,2025-10-01
CUS_0xb71e_2024_12_01,CUS_0xb71e,2024-12-01,10,10,10000,1000.0,1000.0,0.0,0.0,2025-10-01
CUS_0xb787_2024_12_01,CUS_0xb787,2024-12-01,10,10,10000,1000.0,0.0,8000.0,8000.0,2025-10-01
CUS_0xb7b1_2024_12_01,CUS_0xb7b1,2024-12-01,10,10,10000,1000.0,1000.0,0.0,0.0,2025-10-01
CUS_0xb7d8_2024_12_01,CUS_0xb7d8,2024-12-01,10,10,10000,1000.0,1000.0,0.0,0.0,2025-10-01
CUS_0xb7d9_2024_12_01,CUS_0xb7d9,2024-12-01,10,10,10000,1000.0,1000.0,0.0,0.0,2025-10-01
CUS_0xb7ea_2024_12_01,CUS_0xb7ea,2024-12-01,10,10,10000,1000.0,1000.0,0.0,0.0,2025-10-01
CUS_0xb7ef_2024_12_01,CUS_0xb7ef,2024-12-01,10,10,10000,1000.0,1000.0,0.0,0.0,2025-10-01
CUS_0xb7f7_2024_12_01,CUS_0xb7f7,2024-12-01,10,10,10000,1000.0,1000.0,0.0,0.0,2025-10-01
CUS_0xb80e_2024_12_01,CUS_0xb80e,2024-12-01,10,10,10000,1000.0,0.0,8000.0,8000.0,2025-10-01
CUS_0xb820_2025_01_01,CUS_0xb820,2025-01-01,10,9,10000,1000.0,1000.0,0.0,1000.0,2025-10-01
CUS_0xb824_2024_12_01,CUS_0xb824,2024-12-01,10,10,10000,1000.0,0.0,10000.0,10000.0,2025-10-01
CUS_0xb858_2024_12_01,CUS_0xb858,2024-12-01,10,10,10000,1000.0,1000.0,0.0,0.0,2025-10-01
CUS_0xb87_2024_12_01,CUS_0xb87,2024-12-01,10,10,10000,1000.0,1000.0,0.0,0.0,2025-10-01
CUS_0xb884_2024_12_01,CUS_0xb884,2024-12-01,10,10,10000,1000.0,0.0,8000.0,8000.0,2025-10-01
CUS_0xb88c_2025_01_01,CUS_0xb88c,2025-01-01,10,9,10000,1000.0,1000.0,0.0,1000.0,2025-10-01
CUS_0xb8a8_2024_12_01,CUS_0xb8a8,2024-12-01,10,10,10000,1000.0,1000.0,0.0,0.0,2025-10-01
CUS_0xb958_2024_12_01,CUS_0xb958,2024-12-01,10,10,10000,1000.0,1000.0,0.0,0.0,2025-10-01
CUS_0xb969_2024_12_01,CUS_0xb969,2024-12-01,10,10,10000,1000.0,0.0,6000.0,6000.0,2025-10-01
CUS_0xb96b_2025_01_01,CUS_0xb96b,2025-01-01,10,9,10000,1000.0,0.0,9000.0,10000.0,2025-10-01
CUS_0xb99e_2025_01_01,CUS_0xb99e,2025-01-01,10,9,10000,1000.0,0.0,6000.0,7000.0,2025-10-01
CUS_0xb9ca_2024_12_01,CUS_0xb9ca,2024-12-01,10,10,10000,1000.0,1000.0,0.0,0.0,2025-10-01
CUS_0xb9fd_2024_12_01,CUS_0xb9fd,2024-12-01,10,10,10000,1000.0,1000.0,0.0,0.0,2025-10-01
CUS_0xba11_2024_12_01,CUS_0xba11,2024-12-01,10,10,10000,1000.0,1000.0,0.0,0.0,2025-10-01
CUS_0xba21_2024_12_01,CUS_0xba21,2024-12-01,10,10,10000,1000.0,1000.0,0.0,0.0,2025-10-01
CUS_0xba8_2024_12_01,CUS_0xba8,2024-12-01,10,10,10000,1000.0,0.0,9000.0,9000.0,2025-10-01
CUS_0xbac7_2025_01_01,CUS_0xbac7,2025-01-01,10,9,10000,1000.0,1000.0,0.0,1000.0,2025-10-01
CUS_0xbae3_2024_12_01,CUS_0xbae3,2024-12-01,10,10,10000,1000.0,1000.0,0.0,0.0,2025-10-01
CUS_0xbb07_2025_01_01,CUS_0xbb07,2025-01-01,10,9,10000,1000.0,0.0,8000.0,9000.0,2025-10-01
CUS_0xbb1f_2024_12_01,CUS_0xbb1f,2024-12-01,10,10,10000,1000.0,0.0,8000.0,8000.0,2025-10-01
CUS_0xbb5a_2025_01_01,CUS_0xbb5a,2025-01-01,10,9,10000,1000.0,0.0,7000.0,8000.0,2025-10-01
CUS_0xbb77_2025_01_01,CUS_0xbb77,2025-01-01,10,9,10000,1000.0,1000.0,0.0,1000.0,2025-10-01
CUS_0xbb82_2024_12_01,CUS_0xbb82,2024-12-01,10,10,10000,1000.0,1000.0,0.0,0.0,2025-10-01
CUS_0xbba8_2024_12_01,CUS_0xbba8,2024-12-01,10,10,10000,1000.0,1000.0,0.0,0.0,2025-10-01
CUS_0xbbbb_2024_12_01,CUS_0xbbbb,2024-12-01,10,10,10000,1000.0,1000.0,0.0,0.0,2025-10-01
CUS_0xbbd5_2025_01_01,CUS_0xbbd5,2025-01-01,10,9,10000,1000.0,0.0,5000.0,6000.0,2025-10-01
CUS_0xbbec_2024_12_01,CUS_0xbbec,2024-12-01,10,10,10000,1000.0,1000.0,0.0,0.0,2025-10-01
CUS_0xbbf3_2024_12_01,CUS_0xbbf3,2024-12-01,10,10,10000,1000.0,1000.0,0.0,0.0,2025-10-01
CUS_0xbbff_2024_12_01,CUS_0xbbff,2024-12-01,10,10,10000,1000.0,1000.0,0.0,0.0,2025-10-01
CUS_0xbc0c_2024_12_01,CUS_0xbc0c,2024-12-01,10,10,10000,1000.0,1000.0,0.0,0.0,2025-10-01
CUS_0xbc40_2025_01_01,CUS_0xbc40,2025-01-01,10,9,10000,1000.0,0.0,7000.0,8000.0,2025-10-01
CUS_0xbcc8_2025_01_01,CUS_0xbcc8,2025-01-01,10,9,10000,1000.0,1000.0,0.0,1000.0,2025-10-01
CUS_0xbd5e_2024_12_01,CUS_0xbd5e,2024-12-01,10,10,10000,1000.0,1000.0,0.0,0.0,2025-10-01
CUS_0xbd64_2025_01_01,CUS_0xbd64,2025-01-01,10,9,10000,1000.0,1000.0,0.0,1000.0,2025-10-01
CUS_0xbd95_2025_01_01,CUS_0xbd95,2025-01-01,10,9,10000,1000.0,1000.0,0.0,1000.0,2025-10-01
CUS_0xbdc2_2024_12_01,CUS_0xbdc2,2024-12-01,10,10,10000,1000.0,1000.0,0.0,0.0,2025-10-01
CUS_0xbe0a_2024_12_01,CUS_0xbe0a,2024-12-01,10,10,10000,1000.0,1000.0,0.0,0.0,2025-10-01
CUS_0xbe1b_2025_01_01,CUS_0xbe1b,2025-01-01,10,9,10000,1000.0,0.0,8000.0,9000.0,2025-10-01
CUS_0xbe46_2024_12_01,CUS_0xbe46,2024-12-01,10,10,10000,1000.0,1000.0,0.0,0.0,2025-10-01
CUS_0xbe4d_2024_12_01,CUS_0xbe4d,2024-12-01,10,10,10000,1000.0,1000.0,0.0,0.0,2025-10-01
CUS_0xbe59_2025_01_01,CUS_0xbe59,2025-01-01,10,9,10000,1000.0,1000.0,0.0,1000.0,2025-10-01
CUS_0xbe62_2024_12_01,CUS_0xbe62,2024-12-01,10,10,10000,1000.0,0.0,6000.0,6000.0,2025-10-01
CUS_0xbe72_2025_01_01,CUS_0xbe72,2025-01-01,10,9,10000,1000.0,0.0,6000.0,7000.0,2025-10-01
CUS_0xbe83_2025_01_01,CUS_0xbe83,2025-01-01,10,9,10000,1000.0,0.0,8000.0,9000.0,2025-10-01
CUS_0xbe9a_2024_12_01,CUS_0xbe9a,2024-12-01,10,10,10000,1000.0,1000.0,0.0,0.0,2025-10-01
CUS_0xbea3_2025_01_01,CUS_0xbea3,2025-01-01,10,9,10000,1000.0,1000.0,0.0,1000.0,2025-10-01
CUS_0xbebf_2024_12_01,CUS_0xbebf,2024-12-01,10,10,10000,1000.0,1000.0,0.0,0.0,2025-10-01
CUS_0xbf3a_2024_12_01,CUS_0xbf3a,2024-12-01,10,10,10000,1000.0,1000.0,0.0,0.0,2025-10-01
CUS_0xbf60_2024_12_01,CUS_0xbf60,2024-12-01,10,10,10000,1000.0,0.0,6000.0,6000.0,2025-10-01
CUS_0xbf7f_2024_12_01,CUS_0xbf7f,2024-12-01,10,10,10000,1000.0,1000.0,0.0,0.0,2025-10-01
CUS_0xbf8b_2025_01_01,CUS_0xbf8b,2025-01-01,10,9,10000,1000.0,0.0,5000.0,6000.0,2025-10-01
CUS_0xbfba_2025_01_01,CUS_0xbfba,2025-01-01,10,9,10000,1000.0,0.0,8000.0,9000.0,2025-10-01
CUS_0xbfbf_2025_01_01,CUS_0xbfbf,2025-01-01,10,9,10000,1000.0,1000.0,0.0,1000.0,2025-10-01
CUS_0xbfc1_2025_01_01,CUS_0xbfc1,2025-01-01,10,9,10000,1000.0,1000.0,0.0,1000.0,2025-10-01
CUS_0xbfe4_2024_12_01,CUS_0xbfe4,2024-12-01,10,10,10000,1000.0,1000.0,0.0,0.0,2025-10-01
CUS_0xbfe8_2024_12_01,CUS_0xbfe8,2024-12-01,10,10,10000,1000.0,0.0,8000.0,8000.0,2025-10-01
CUS_0xbfef_2025_01_01,CUS_0xbfef,2025-01-01,10,9,10000,1000.0,0.0,7000.0,8000.0,2025-10-01
CUS_0xbff8_2025_01_01,CUS_0xbff8,2025-01-01,10,9,10000,1000.0,1000.0,0.0,1000.0,2025-10-01
CUS_0xc000_2024_12_01,CUS_0xc000,2024-12-01,10,10,10000,1000.0,1000.0,0.0,0.0,2025-10-01
CUS_0xc042_2024_12_01,CUS_0xc042,2024-12-01,10,10,10000,1000.0,1000.0,0.0,0.0,2025-10-01
CUS_0xc067_2025_01_01,CUS_0xc067,2025-01-01,10,9,10000,1000.0,0.0,5000.0,6000.0,2025-10-01
CUS_0xc06a_2024_12_01,CUS_0xc06a,2024-12-01,10,10,10000,1000.0,0.0,9000.0,9000.0,2025-10-01
CUS_0xc07f_2025_01_01,CUS_0xc07f,2025-01-01,10,9,10000,1000.0,1000.0,0.0,1000.0,2025-10-01
CUS_0xc081_2025_01_01,CUS_0xc081,2025-01-01,10,9,10000,1000.0,1000.0,0.0,1000.0,2025-10-01
CUS_0xc0e7_2024_12_01,CUS_0xc0e7,2024-12-01,10,10,10000,1000.0,1000.0,0.0,0.0,2025-10-01
CUS_0xc0fd_2024_12_01,CUS_0xc0fd,2024-12-01,10,10,10000,1000.0,1000.0,0.0,0.0,2025-10-01
CUS_0xc10_2024_12_01,CUS_0xc10,2024-12-01,10,10,10000,1000.0,0.0,8000.0,8000.0,2025-10-01
CUS_0xc12b_2025_01_01,CUS_0xc12b,2025-01-01,10,9,10000,1000.0,0.0,6000.0,7000.0,2025-10-01
CUS_0xc21f_2024_12_01,CUS_0xc21f,2024-12-01,10,10,10000,1000.0,1000.0,0.0,0.0,2025-10-01
CUS_0xc22c_2025_01_01,CUS_0xc22c,2025-01-01,10,9,10000,1000.0,1000.0,0.0,1000.0,2025-10-01
CUS_0xc23c_2025_01_01,CUS_0xc23c,2025-01-01,10,9,10000,1000.0,0.0,7000.0,8000.0,2025-10-01
CUS_0xc24b_2024_12_01,CUS_0xc24b,2024-12-01,10,10,10000,1000.0,0.0,8000.0,8000.0,2025-10-01
CUS_0xc299_2025_01_01,CUS_0xc299,2025-01-01,10,9,10000,1000.0,0.0,8000.0,9000.0,2025-10-01
CUS_0xc2a7_2025_01_01,CUS_0xc2a7,2025-01-01,10,9,10000,1000.0,0.0,7000.0,8000.0,2025-10-01
CUS_0xc2ae_2025_01_01,CUS_0xc2ae,2025-01-01,10,9,10000,1000.0,1000.0,0.0,1000.0,2025-10-01
CUS_0xc2da_2024_12_01,CUS_0xc2da,2024-12-01,10,10,10000,1000.0,1000.0,0.0,0.0,2025-10-01
CUS_0xc2ee_2024_12_01,CUS_0xc2ee,2024-12-01,10,10,10000,1000.0,1000.0,0.0,0.0,2025-10-01
CUS_0xc34a_2025_01_01,CUS_0xc34a,2025-01-01,10,9,10000,1000.0,1000.0,0.0,1000.0,2025-10-01
CUS_0xc3b8_2025_01_01,CUS_0xc3b8,2025-01-01,10,9,10000,1000.0,0.0,6000.0,7000.0,2025-10-01
CUS_0xc3c1_2025_01_01,CUS_0xc3c1,2025-01-01,10,9,10000,1000.0,1000.0,0.0,1000.0,2025-10-01
CUS_0xc405_2025_01_01,CUS_0xc405,2025-01-01,10,9,10000,1000.0,1000.0,0.0,1000.0,2025-10-01
CUS_0xc48d_2025_01_01,CUS_0xc48d,2025-01-01,10,9,10000,1000.0,1000.0,0.0,1000.0,2025-10-01
CUS_0xc4de_2024_12_01,CUS_0xc4de,2024-12-01,10,10,10000,1000.0,0.0,7000.0,7000.0,2025-10-01
CUS_0xc4f2_2025_01_01,CUS_0xc4f2,2025-01-01,10,9,10000,1000.0,0.0,6000.0,7000.0,2025-10-01
CUS_0xc51_2024_12_01,CUS_0xc51,2024-12-01,10,10,10000,1000.0,1000.0,0.0,0.0,2025-10-01
CUS_0xc530_2024_12_01,CUS_0xc530,2024-12-01,10,10,10000,1000.0,1000.0,0.0,0.0,2025-10-01
CUS_0xc57_2024_12_01,CUS_0xc57,2024-12-01,10,10,10000,1000.0,1000.0,0.0,0.0,2025-10-01
CUS_0xc5ae_2024_12_01,CUS_0xc5ae,2024-12-01,10,10,10000,1000.0,1000.0,0.0,0.0,2025-10-01
CUS_0xc5fd_2025_01_01,CUS_0xc5fd,2025-01-01,10,9,10000,1000.0,1000.0,0.0,1000.0,2025-10-01
CUS_0xc60d_2024_12_01,CUS_0xc60d,2024-12-01,10,10,10000,1000.0,0.0,6000.0,6000.0,2025-10-01
CUS_0xc6ba_2025_01_01,CUS_0xc6ba,2025-01-01,10,9,10000,1000.0,0.0,6000.0,7000.0,2025-10-01
CUS_0xcb9_2025_01_01,CUS_0xcb9,2025-01-01,10,9,10000,1000.0,1000.0,0.0,1000.0,2025-10-01
CUS_0xcc2_2024_12_01,CUS_0xcc2,2024-12-01,10,10,10000,1000.0,0.0,6000.0,6000.0,2025-10-01
CUS_0xcd5_2024_12_01,CUS_0xcd5,2024-12-01,10,10,10000,1000.0,0.0,6000.0,6000.0,2025-10-01
CUS_0xcfd_2025_01_01,CUS_0xcfd,2025-01-01,10,9,10000,1000.0,0.0,6000.0,7000.0,2025-10-01
CUS_0xd4d_2024_12_01,CUS_0xd4d,2024-12-01,10,10,10000,1000.0,1000.0,0.0,0.0,2025-10-01
CUS_0xdb9_2025_01_01,CUS_0xdb9,2025-01-01,10,9,10000,1000.0,0.0,6000.0,7000.0,2025-10-01
CUS_0xdba_2024_12_01,CUS_0xdba,2024-12-01,10,10,10000,1000.0,0.0,6000.0,6000.0,2025-10-01
CUS_0xdef_2025_01_01,CUS_0xdef,2025-01-01,10,9,10000,1000.0,1000.0,0.0,1000.0,2025-10-01
CUS_0xe6c_2024_12_01,CUS_0xe6c,2024-12-01,10,10,10000,1000.0,1000.0,0.0,0.0,2025-10-01
CUS_0xe91_2025_01_01,CUS_0xe91,2025-01-01,10,9,10000,1000.0,1000.0,0.0,1000.0,2025-10-01
CUS_0xe99_2024_12_01,CUS_0xe99,2024-12-01,10,10,10000,1000.0,1000.0,0.0,0.0,2025-10-01
CUS_0xecb_2025_01_01,CUS_0xecb,2025-01-01,10,9,10000,1000.0,1000.0,0.0,1000.0,2025-10-01
CUS_0xef7_2025_01_01,CUS_0xef7,2025-01-01,10,9,10000,1000.0,1000.0,0.0,1000.0,2025-10-01
CUS_0xf15_2025_01_01,CUS_0xf15,2025-01-01,10,9,10000,1000.0,1000.0,0.0,1000.0,2025-10-01
CUS_0xf55_2024_12_01,CUS_0xf55,2024-12-01,10,10,10000,1000.0,0.0,8000.0,8000.0,2025-10-01
CUS_0xf60_2025_01_01,CUS_0xf60,2025-01-01,10,9,10000,1000.0,1000.0,0.0,1000.0,2025-10-01
CUS_0xf74_2025_01_01,CUS_0xf74,2025-01-01,10,9,10000,1000.0,1000.0,0.0,1000.0,2025-10-01
CUS_0xf95_2025_01_01,CUS_0xf95,2025-01-01,10,9,10000,1000.0,1000.0,0.0,1000.0,2025-10-01
CUS_0xfd1_2024_12_01,CUS_0xfd1,2024-12-01,10,10,10000,1000.0,1000.0,0.0,0.0,2025-10-01
CUS_0xfdf_2025_01_01,CUS_0xfdf,2025-01-01,10,9,10000,1000.0,1000.0,0.0,1000.0,2025-10-01
CUS_0xff4_2024_12_01,CUS_0xff4,2024-12-01,10,10,10000,1000.0,1000.0,0.0,0.0,2025-10-01
